surname;name;patronymic;citizenship;date_of_birth
Вальяшина;Вероника;Дмитриевна;Словения;1980-10-24
Веряев;Федор;Максимович;Экваториальная Гвинея;1983-06-24
Посолин;Ярослав;Яковлевич;Таджикистан;1996-01-06
Насибулина;Инна;Алексеевна;Казахстан;1985-08-05
Андриянов;Алексей;Данилович;Алжир;1992-03-17
Вирячев;Альберт;Михаилович;Узбекистан;1973-06-21
Шеманаев;Артур;Василиевич;Гвинея-Бисау;1982-06-13
Трефахина;Светлана;Егоровна;Россия;1990-04-09
Петринеева;Лариса;Романовна;Барбадос;1984-06-21
Агеенков;Василий;Олегович;Аргентина;1977-05-29
Козловаева;Вера;Максимовна;Польша;1988-05-25
Каджаева;Полина;Романовна;Центральноафриканская Республика;1974-03-17
Сабликова;Светлана;Андреевна;Албания;1983-08-06
Бусырева;Дарья;Федоровна;Аргентина;1979-11-15
Шелухина;Ксения;Никитична;Дания;1973-05-24
Дашкин;Вячеслав;Борисович;Люксембург;1993-08-02
Колобкова;Юлия;Валерьевна;Никарагуа;1985-01-05
Кунгавина;Клавдия;Евгеньевна;Ливия;1986-12-17
Христюхина;Карина;Алексеевна;Бахрейн;1982-03-30
Клисакова;Галина;Олеговна;Катар;1993-01-08
Анешин;Илья;Антонович;Малайзия;1998-05-10
Верхлина;Кира;Викторовна;Армения;1996-08-18
Белохонов;Иван;Андреевич;Кабо-Верде;1993-11-29
Паврикова;София;Аркадьевна;Сомали;1984-11-30
Жуганов;Федор;Антонович;Мавритания;1973-02-02
Уляшкин;Алексей;Яковлевич;Эфиопия;1975-01-08
Пулятин;Василий;Викторович;Йемен;1982-03-16
Бордякова;Александра;Никитична;Монако;1972-06-04
Пенягина;Анна;Леонидовна;Никарагуа;1984-06-21
Вагина;Екатерина;Богдановна;Сент-Люсия;1986-12-14
Голезикова;Галина;Леонидовна;Андорра;1995-12-09
Мощалков;Константин;Павлович;Эритрея;1976-09-07
Телькушова;Дарья;Игоревна;Катар;1979-12-08
Велижанина;Евгения;Максимовна;Чехия;1977-05-03
Турушева;Лариса;Яковлевна;Федеративные Штаты Микронезии;1987-09-03
Зуев;Михаил;Георгиевич;Сирия;1999-09-30
Шалопеев;Игорь;Вадимович;Тунис;1973-09-27
Нейматова;Виктория;Сергеевна;Гвинея-Бисау;1976-11-04
Крымов;Артём;Адамович;Республика Корея;1987-05-23
Бойтемиров;Владимир;Сергеевич;Тувалу;1974-10-05
Спасков;Василий;Адамович;Гайана;1995-06-23
Черина;Раиса;Олеговна;Республика Корея;1982-02-24
Загрябина;Софья;Михайловна;Багамские Острова;1997-06-15
Осенова;Юлия;Эдуардовна;Казахстан;1972-01-16
Варшамов;Пётр;Фёдорович;Словения;1991-11-22
Реханов;Роман;Адамович;Ирландия;1977-08-20
Таточкина;Клара;Леонидовна;Китай;1983-02-09
Офитова;Любовь;Федоровна;Восточный Тимор;1990-08-09
Аладышев;Альберт;Евгеньевич;КНДР;1972-11-17
Коржакова;Екатерина;Викторовна;Марокко;1976-12-12
Молодцов;Максим;Денисович;Тринидад и Тобаго;1980-02-04
Становихин;Владимир;Викторович;Коморы;1977-04-02
Ишмякова;Ольга;Андреевна;Гаити;1979-09-05
Колонова;Полина;Валерьевна;Сан-Томе и Принсипи;1988-07-15
Орелкина;Оксана;Ивановна;Австрия;1990-07-19
Паславская;Юлия;Евгеньевна;Австрия;1981-02-17
Черендина;Наталья;Олеговна;Сомали;1979-01-19
Боронихина;Надежда;Андреевна;Канада;1995-07-30
Сальвина;Ирина;Андреевна;Никарагуа;1974-08-01
Кочегин;Владимир;Борисович;Демократическая Республика Конго;1993-08-08
Муманов;Николай;Антонович;Тонга;1978-01-14
Марфенцов;Тарас;Михаилович;Эстония;1975-07-31
Неведеева;Алёна;Федоровна;Чехия;1993-07-03
Чунакова;Жанна;Максимовна;Сьерра-Леоне;1993-01-20
Акалаева;Галина;Никитична;Республика Конго;1992-06-29
Муравлева;Вера;Игоревна;Сальвадор;1987-03-03
Фляженков;Леонид;Максимович;Мали;1998-04-21
Жиравова;Надежда;Яковлевна;Доминиканская Республика;1982-07-04
Слонимеров;Николай;Николаевич;Грузия;1996-02-28
Леляичева;Раиса;Яковлевна;Катар;1995-09-20
Трохов;Семён;Алексиевич;Гренада;1997-06-24
Семерьянов;Эдуард;Алексеевич;Уганда;1975-04-01
Уддин;Иван;Юриевич;Сент-Винсент и Гренадины;1980-10-28
Ворожцов;Пётр;Петрович;Сан-Марино;1984-08-23
Мааев;Ярослав;Юриевич;Маршалловы Острова;1975-12-23
Кулигин;Степан;Максимович;Узбекистан;1986-10-14
Каражева;Кристина;Михайловна;Марокко;1974-09-14
Боина;Клавдия;Олеговна;Китай;1982-04-26
Пуклакова;Ева;Аркадьевна;Куба;1985-07-10
Полюцкая;Надежда;Богдановна;Маршалловы Острова;1992-02-27
Кисуркина;Лариса;Олеговна;Дания;1975-05-08
Смесова;Ирина;Егоровна;Саудовская Аравия;1975-06-21
Брянина;Екатерина;Андреевна;Бангладеш;1983-02-02
Воронокова;Лариса;Василевна;Армения;1975-07-25
Громашева;Вероника;Егоровна;Бразилия;1987-09-25
Дробушев;Борис;Леонидович;Китай;1998-11-27
Балычев;Александр;Романович;Сан-Марино;1988-11-03
Артамонов;Роман;Тимофеевич;Бенин;1997-03-30
Байбеков;Федор;Алексеевич;Мавритания;1975-05-27
Писягина;Наталья;Кирилловна;ОАЭ;1978-12-02
Жмарев;Тарас;Николаевич;Лесото;1974-04-05
Жолков;Виталий;Максимович;Центральноафриканская Республика;1991-06-12
Роговин;Кирилл;Адамович;Катар;1986-02-24
Алтобьев;Руслан;Олегович;Канада;1999-11-17
Поленников;Кирилл;Алексиевич;Ливия;1994-06-30
Шинбин;Валентин;Иванович;Того;1982-08-10
Шмаровина;Наталия;Дмитриевна;Лаос;1978-06-19
Торбинков;Антон;Юриевич;Малави;1980-08-09
Мандракова;Галина;Егоровна;Демократическая Республика Конго;1972-05-09
Алышева;Полина;Алексеевна;Молдавия;1987-01-03
Милюдина;София;Николаевна;Коста-Рика;1972-10-12
Шельнов;Яков;Олегович;Китай;1981-06-29
Варинова;Вера;Алексеевна;Грузия;1990-07-15
Полоюфтина;Елена;Эдуардовна;Нигер;1987-03-01
Киряева;Кристина;Эдуардовна;Венесуэла;1997-10-29
Мушекова;Ксения;Романовна;Федеративные Штаты Микронезии;1979-12-05
Вылежонина;Виктория;Евгеньевна;Оман;1976-02-17
Тояновская;Ксения;Петровна;Иран;1975-12-11
Вонилова;Алла;Эдуардовна;Доминиканская Республика;1996-10-03
Брухова;Катерина;Ивановна;Венгрия;1973-07-15
Жилинова;Алиса;Леонидовна;Коморы;1981-06-30
Турьянская;Виолетта;Викторовна;Монголия;1989-12-08
Жалнина;Любовь;Николаевна;Марокко;1993-12-11
Пыренкова;Лариса;Эдуардовна;Гватемала;1991-03-15
Жаровова;Полина;Богдановна;Греция;1993-04-01
Кодева;Клавдия;Дмитриевна;Китай;1981-08-13
Рыжихин;Руслан;Фёдорович;Литва;1997-06-21
Зонин;Валентин;Иванович;Польша;1976-04-14
Бондовский;Кирилл;Максимович;Бруней;1993-07-09
Личинин;Семён;Борисович;Панама;1977-06-24
Карчешкина;Вероника;Богдановна;Вьетнам;1991-11-30
Кагалин;Артур;Фёдорович;Руанда;1999-09-26
Сивкина;Зинаида;Василевна;Греция;1998-08-28
Евстражова;Алла;Леонидовна;Сомали;1982-12-04
Аказин;Геннадий;Павлович;Украина;1997-03-14
Бодяков;Максим;Михаилович;Того;1995-10-27
Шептев;Герасим;Яковлевич;Мали;1997-10-10
Путницева;Наталья;Петровна;Германия;1997-05-10
Нечашева;Дарья;Дмитриевна;Гватемала;1985-10-27
Трещинкин;Валентин;Алексиевич;Греция;1983-03-01
Мляков;Вадим;Юрьевич;Куба;1990-06-30
Еванов;Виталий;Кириллович;Казахстан;1974-12-31
Квачкова;Ксения;Викторовна;Армения;1972-08-30
Немудров;Леонид;Алексеевич;Лесото;1980-03-11
Дрючин;Григорий;Олегович;Мексика;1974-07-02
Крысинская;Ева;Василевна;Южный Судан;1973-12-06
Шпунтиков;Борис;Фёдорович;Намибия;1996-01-13
Поддымова;Валентина;Игоревна;Новая Зеландия;1997-06-27
Мных;Александр;Алексиевич;Гвинея-Бисау;1980-04-10
Шуршалов;Алексей;Петрович;Нигер;1995-08-30
Чумачев;Антон;Кириллович;Сербия;1976-06-09
Зюнев;Николай;Николаевич;Ирак;1998-12-08
Ендерюков;Степан;Валериевич;Чехия;1981-09-22
Тюмерин;Павел;Юрьевич;Боливия;1991-01-04
Кузюткин;Денис;Яковлевич;Республика Конго;1994-05-16
Божукова;Екатерина;Василевна;Камбоджа;1975-02-17
Гундяев;Виктор;Данилович;Филиппины;1993-04-26
Заходнова;Мария;Сергеевна;Тринидад и Тобаго;1978-11-12
Карпюхин;Виталий;Викторович;Непал;1987-08-08
Зевайкина;Кира;Николаевна;Великобритания;1991-11-01
Корицына;Светлана;Аркадьевна;Швейцария;1994-02-07
Пупасова;София;Николаевна;Эсватини;1988-07-07
Коренапова;Кристина;Максимовна;Австрия;1998-08-29
Компанеева;Оксана;Петровна;Камерун;1981-02-20
Шемуранова;Елизавета;Василевна;Саудовская Аравия;1977-02-14
Федорычев;Ярослав;Леонидович;Гвинея-Бисау;1984-06-15
Росков;Денис;Антонович;Камбоджа;1982-10-21
Гуленова;Марина;Богдановна;Республика Конго;1991-12-02
Корелин;Руслан;Романович;Марокко;1980-08-04
Урмин;Роман;Данилович;Туркмения;1997-04-01
Шишацкий;Василий;Фёдорович;Израиль;1992-07-14
Хораськин;Виталий;Леонидович;Центральноафриканская Республика;1982-05-14
Цепалин;Валентин;Максимович;Египет;1982-08-23
Ундасынова;Елена;Евгеньевна;Ирак;1978-12-22
Жамойтина;Наталья;Егоровна;Дания;1986-03-04
Закидкина;Клавдия;Алексеевна;Филиппины;1995-02-11
Аханьков;Пётр;Иванович;Сирия;1997-07-12
Приткин;Игорь;Петрович;Бруней;1993-03-22
Шкуратиков;Михаил;Олегович;Польша;1976-05-24
Эскина;Лариса;Алексеевна;Сербия;1990-07-09
Гопюшина;Тамара;Егоровна;Бенин;1998-03-14
Туполев;Семён;Максимович;Бразилия;1996-10-11
Моржов;Пётр;Николаевич;Кабо-Верде;1981-11-13
Тыжнов;Вадим;Кириллович;Индия;1995-04-17
Лугина;Галина;Федоровна;Испания;1987-05-20
Фикин;Герасим;Антонович;Коморы;1990-11-30
Шаршунская;Лиза;Михайловна;Италия;1973-11-21
Нежнев;Григорий;Викторович;Уганда;1991-11-30
Козловцев;Евгений;Николаевич;Зимбабве;1977-08-31
Маркелкина;Марина;Михайловна;Австралия;1995-12-09
Шишокина;Полина;Леонидовна;Мали;1987-06-06
Поваренкин;Максим;Тимофеевич;Франция;1999-06-19
Кошельков;Олег;Аркадиевич;Кабо-Верде;1981-04-02
Шеницина;Валентина;Борисовна;Черногория;1990-08-26
Белавкин;Павел;Викторович;Босния и Герцеговина;1995-06-22
Бисаева;Карина;Николаевна;Бруней;1981-02-15
Анцебурова;Зинаида;Ивановна;Тувалу;1994-06-24
Менчинова;Виолетта;Эдуардовна;Гаити;1999-01-23
Амержакова;Клавдия;Борисовна;Папуа;1985-05-02
Мотанов;Григорий;Аркадиевич;Бразилия;1977-01-31
Жарунова;Виктория;Николаевна;Эсватини;1988-02-12
Юрзина;Алена;Николаевна;Габон;1978-04-22
Пототаев;Александр;Денисович;Сан-Марино;1991-04-03
Быдин;Валерий;Антонович;Таиланд;1972-02-02
Гиндин;Кирилл;Валериевич;Алжир;1972-04-03
Байбородин;Руслан;Кириллович;Алжир;1991-11-22
Федеракин;Герасим;Николаевич;Румыния;1987-07-22
Корнышов;Иван;Фёдорович;Бутан;1992-11-29
Чербов;Семён;Тимофеевич;Кирибати;1999-07-15
Животова;Мария;Ивановна;Доминиканская Республика;1977-11-13
Елустахова;Яна;Богдановна;Гватемала;1998-07-29
Губалева;Раиса;Петровна;Германия;1989-03-12
Фитюлина;Раиса;Федоровна;Суринам;1993-04-10
Проницкий;Яков;Борисович;Мали;1993-04-11
Самыгина;Ольга;Максимовна;Сейшельские Острова;1993-08-25
Утробин;Виталий;Антонович;Багамские Острова;1981-05-02
Поддуев;Юрий;Аркадиевич;Таджикистан;1973-12-19
Шаршавых;Ева;Леонидовна;Великобритания;1976-12-21
Жигульских;Софья;Богдановна;Джибути;1981-07-29
Дьяченков;Ярослав;Василиевич;Мексика;1973-04-30
Канонников;Никита;Павлович;Уругвай;1973-12-10
Пигальский;Дмитрий;Максимович;Маврикий;1993-10-08
Борзинкова;Наталия;Николаевна;Кирибати;1972-10-08
Коина;Раиса;Валерьевна;Непал;1999-02-23
Черноокова;Валерия;Яковлевна;Габон;1993-01-24
Новченкова;Кристина;Ивановна;Кот-д’Ивуар;1999-01-20
Лучагова;Валентина;Вадимовна;Люксембург;1976-07-28
Туторский;Федор;Леонидович;Сент-Винсент и Гренадины;1982-07-20
Ларенков;Василий;Алексеевич;Белоруссия;1978-11-29
Бояренков;Василий;Андреевич;Сент-Винсент и Гренадины;1983-10-20
Кутилева;Раиса;Яковлевна;Андорра;1990-10-27
Мильнова;Карина;Аркадьевна;Гана;1981-10-15
Холюсева;Клара;Дмитриевна;Узбекистан;1988-08-28
Хочевская;Екатерина;Егоровна;Уганда;1978-02-12
Олохтонов;Геннадий;Адамович;Буркина-Фасо;1999-12-17
Ракишина;Людмила;Федоровна;Кот-д’Ивуар;1986-10-09
Аинулин;Семён;Евгеньевич;Кот-д’Ивуар;1986-11-30
Саравин;Дмитрий;Антонович;Великобритания;1993-06-09
Чирахова;Валентина;Валерьевна;Молдавия;1974-11-06
Перьмякова;Алена;Леонидовна;Армения;1996-01-31
Верлинская;Софья;Леонидовна;Сирия;1976-12-31
Атоева;Евгения;Игоревна;Мальдивы;1989-05-23
Ошевская;Валентина;Борисовна;Кот-д’Ивуар;1998-03-24
Кардыков;Павел;Олегович;Федеративные Штаты Микронезии;1999-09-05
Шульцев;Ярослав;Николаевич;Камбоджа;1989-04-12
Некретов;Евгений;Максимович;Сан-Марино;1990-07-24
Левская;Екатерина;Сергеевна;Южный Судан;1991-07-25
Буйких;Валентин;Алексеевич;Швейцария;1991-10-25
Ковкин;Григорий;Вадимович;Габон;1972-01-06
Стокина;Тамара;Ивановна;Танзания;1974-11-18
Ланцетов;Руслан;Яковлевич;Румыния;1989-03-10
Голодкин;Георгий;Данилович;Бахрейн;1979-08-21
Кашечкина;Инна;Петровна;Сингапур;1997-08-18
Гельперин;Павел;Викторович;Либерия;1998-04-15
Аблясова;Екатерина;Ивановна;Нигер;1978-08-02
Гранцов;Альберт;Данилович;Нигер;1999-09-01
Курчинова;Галина;Кирилловна;Молдавия;1993-05-10
Белотелов;Денис;Тимофеевич;Эсватини;1978-10-08
Михайлютин;Валерий;Евгеньевич;Польша;1986-12-13
Космарская;Надежда;Никитична;Марокко;1977-04-14
Проникова;Алина;Борисовна;Экваториальная Гвинея;1999-11-08
Стожков;Степан;Викторович;Бельгия;1984-10-22
Бармотин;Герасим;Адамович;Панама;1992-08-22
Зубатарева;Ева;Валерьевна;Украина;1981-05-29
Шимичев;Аркадий;Аркадиевич;Парагвай;1999-03-30
Жматова;Вера;Евгеньевна;Панама;1997-02-28
Докучалова;Полина;Кирилловна;Украина;1999-01-21
Рыльская;Алёна;Михайловна;Босния и Герцеговина;1977-11-20
Гунякова;Тамара;Игоревна;Эсватини;1992-10-20
Каравайцев;Валентин;Денисович;Ирак;1989-05-16
Галиганов;Виктор;Аркадиевич;Албания;1976-09-30
Шитин;Олег;Михаилович;Ирландия;1997-02-20
Куренскова;Анна;Эдуардовна;Чили;1976-06-03
Бутринов;Владислав;Борисович;Ангола;1978-12-28
Святов;Федор;Евгеньевич;Эстония;1978-02-07
Самидинова;Александра;Андреевна;Узбекистан;1989-07-29
Яблонева;Алина;Викторовна;Мальдивы;1977-06-12
Головнов;Дмитрий;Тимофеевич;Нидерланды;1995-11-17
Лунова;Катерина;Аркадьевна;Тринидад и Тобаго;1990-01-21
Маковозов;Денис;Максимович;Литва;1991-01-25
Грищина;Юлия;Ивановна;Венесуэла;1996-07-03
Степочкин;Эдуард;Максимович;Федеративные Штаты Микронезии;1978-05-17
Мулюкова;Алёна;Викторовна;Судан;1996-12-23
Семенкина;Мария;Ивановна;Гана;1975-08-24
Амербеков;Артём;Аркадиевич;Монголия;1983-05-04
Губашев;Иван;Игоревич;США;1977-01-24
Тунгатаров;Федор;Виталиевич;Сент-Китс и Невис;1996-11-01
Пишванов;Василий;Виталиевич;Антигуа и Барбуда;1984-01-17
Хатьков;Дмитрий;Яковлевич;Вануату;1994-08-23
Скорицкий;Яков;Алексеевич;Азербайджан;1995-04-22
Щекотихин;Иван;Олегович;Новая Зеландия;1998-04-29
Фатыхов;Руслан;Романович;Парагвай;1990-11-27
Скобников;Виталий;Аркадиевич;Палау;1987-06-26
Киржаев;Руслан;Викторович;Израиль;1972-06-17
Папоретова;Ксения;Романовна;Мьянма;1972-11-29
Котунин;Никита;Сергеевич;Кот-д’Ивуар;1999-05-19
Щеклеина;Дарья;Андреевна;Белиз;1993-07-21
Асейкина;Алина;Ивановна;Кабо-Верде;1993-01-06
Игралина;Лиза;Леонидовна;Гаити;1990-02-26
Беловина;Вера;Богдановна;Мальта;1984-06-24
Поддуев;Александр;Олегович;Мозамбик;1998-08-02
Царвуланов;Георгий;Валериевич;Южный Судан;1975-07-04
Дворягина;Алёна;Кирилловна;Сербия;1996-11-26
Тумохина;Людмила;Кирилловна;Бразилия;1978-08-13
Ламыкин;Аркадий;Павлович;Мьянма;1973-03-02
Хорошенков;Герасим;Кириллович;Таджикистан;1994-05-02
Ломщова;Елена;Николаевна;Сенегал;1978-10-06
Галафеев;Евгений;Борисович;Румыния;1990-12-03
Варятина;Полина;Ивановна;Узбекистан;1991-12-18
Бутареев;Александр;Валериевич;Чад;1987-03-26
Бранская;Алла;Михайловна;Зимбабве;1975-03-30
Целярицкий;Артём;Алексиевич;Кабо-Верде;1974-07-15
Кульбинова;Светлана;Олеговна;Буркина-Фасо;1988-01-22
Ловрова;Юлия;Петровна;Филиппины;1996-07-20
Шагумова;Алла;Евгеньевна;Вануату;1980-11-07
Удановская;Катерина;Федоровна;Экваториальная Гвинея;1988-01-02
Бестугина;Клара;Олеговна;Сингапур;1976-01-20
Шумилкова;Тамара;Игоревна;Босния и Герцеговина;1991-08-02
Вородюхина;Маргарита;Сергеевна;Кипр;1991-07-07
Грикин;Ярослав;Яковлевич;Мексика;1975-04-20
Чунтова;Надежда;Кирилловна;Албания;1994-06-06
Безымяннов;Николай;Леонидович;Сент-Китс и Невис;1984-11-08
Калерина;Алла;Евгеньевна;Науру;1978-06-04
Санаторова;Юлия;Богдановна;Колумбия;1982-11-06
Стрешников;Роман;Валериевич;Индонезия;1988-10-06
Ситушкина;Вероника;Эдуардовна;Бутан;1983-02-23
Фуфин;Виталий;Юрьевич;Казахстан;1992-11-25
Малакеев;Денис;Сергеевич;Тонга;1978-10-04
Жаднов;Руслан;Валериевич;Суринам;1992-01-15
Ломзин;Антон;Кириллович;Вьетнам;1982-01-08
Амбросимов;Николай;Сергеевич;Эфиопия;1999-02-27
Артемева;Елена;Михайловна;Малайзия;1980-12-22
Баборина;Алла;Леонидовна;Мавритания;1997-09-24
Трученков;Павел;Валериевич;Гана;1991-07-27
Шпуков;Игорь;Алексиевич;Республика Корея;1980-12-13
Цыцаркин;Григорий;Олегович;Сальвадор;1975-02-11
Горовицкий;Станислав;Николаевич;Доминиканская Республика;1988-10-02
Пацырин;Виталий;Антонович;Таиланд;1975-07-22
Жужганова;Наталия;Борисовна;Гана;1996-02-06
Сдатчиков;Борис;Романович;Эсватини;1975-11-21
Мисенева;Ева;Петровна;Азербайджан;1994-09-06
Копликов;Артём;Борисович;Лаос;1976-06-02
Юлгушев;Роман;Георгиевич;Науру;1979-08-27
Шелетов;Артур;Валериевич;Нигерия;1981-02-15
Чарондин;Артём;Юрьевич;Ангола;1987-07-31
Чуфаева;Зинаида;Михайловна;Канада;1973-08-14
Кукалев;Николай;Виталиевич;Украина;1979-01-11
Смарагдов;Андрей;Юрьевич;Демократическая Республика Конго;1993-09-09
Диесперов;Александр;Данилович;Мали;1982-02-18
Винтечкова;Юлия;Петровна;Республика Конго;1994-06-03
Чечехин;Герасим;Игоревич;Чехия;1994-06-26
Месяцев;Пётр;Вадимович;Северная Македония;1987-04-09
Маюшевская;Лариса;Яковлевна;Гвинея;1982-01-15
Миханькова;Анастасия;Романовна;Пакистан;1992-09-22
Саленова;Ксения;Сергеевна;Албания;1999-04-29
Медянин;Ярослав;Сергеевич;Лихтенштейн;1996-09-07
Вахрамкина;Виолетта;Игоревна;Греция;1981-07-03
Колупанова;Анна;Олеговна;Швеция;1973-07-20
Позгорев;Павел;Фёдорович;Северная Македония;1997-06-02
Кадашова;Юлия;Сергеевна;Ботсвана;1972-04-24
Стуканева;Алена;Михайловна;Багамские Острова;1980-01-12
Баржицкая;Вера;Михайловна;Иран;1983-07-30
Веричева;Вера;Борисовна;Ливан;1992-11-25
Бурняшев;Виктор;Георгиевич;Ирландия;1972-07-12
Агзибекова;Вероника;Валерьевна;Эквадор;1979-03-17
Тетяпов;Григорий;Викторович;Малайзия;1976-02-08
Кожарин;Юрий;Денисович;Гаити;1977-09-13
Галатина;Евгения;Эдуардовна;Ангола;1998-10-06
Команов;Андрей;Николаевич;Колумбия;1983-09-02
Стецкая;Наталья;Федоровна;Япония;1997-04-05
Бородецкий;Виталий;Денисович;Намибия;1976-06-20
Джумаева;Светлана;Михайловна;Япония;1979-03-27
Сурмонина;Юлия;Богдановна;Республика Конго;1990-09-25
Шулеткина;Юлия;Яковлевна;Дания;1998-01-16
Трунчева;Анастасия;Игоревна;Бенин;1980-01-01
Лапухин;Артур;Фёдорович;Лихтенштейн;1989-10-31
Ягоферова;Маргарита;Яковлевна;Сент-Люсия;1977-01-14
Ениколотов;Эдуард;Романович;Хорватия;1973-02-23
Сургучев;Игорь;Евгеньевич;Сент-Китс и Невис;1998-04-14
Макоклюев;Руслан;Павлович;Швеция;1990-10-30
Исакаева;Любовь;Олеговна;Польша;1991-09-19
Потяпкина;Алина;Федоровна;Никарагуа;1997-01-23
Живейнов;Иван;Леонидович;Испания;1983-08-24
Голдинова;Лиза;Дмитриевна;Колумбия;1985-01-19
Пылилин;Григорий;Антонович;Намибия;1982-08-28
Держинская;Елизавета;Дмитриевна;Ливан;1981-03-17
Лущихин;Владимир;Денисович;Кипр;1988-06-02
Богранова;Клавдия;Егоровна;Словения;1977-12-18
Пусев;Дмитрий;Юрьевич;Южный Судан;1983-12-17
Алпаев;Владислав;Аркадиевич;Доминиканская Республика;1977-12-03
Митичева;Карина;Яковлевна;Гвинея;1988-06-13
Дрелин;Дмитрий;Евгеньевич;Таджикистан;1983-12-05
Болесов;Семён;Сергеевич;Чили;1991-08-03
Турейкина;Валентина;Аркадьевна;Индонезия;1974-04-03
Цыганцова;Наталия;Аркадьевна;Уругвай;1988-12-02
Желубенков;Семён;Юриевич;Грузия;1986-04-26
Карачиева;Анастасия;Максимовна;Демократическая Республика Конго;1973-05-28
Летушкин;Иван;Аркадиевич;Бутан;1979-06-12
Чермина;Людмила;Олеговна;Чад;1989-06-24
Беспелюхин;Роман;Сергеевич;Уганда;1973-09-23
Мыгеева;Кристина;Алексеевна;Эритрея;1978-06-29
Павлеев;Алексей;Иванович;Республика Корея;1994-04-12
Гузаирова;Софья;Кирилловна;Турция;1993-02-20
Путинцева;Елизавета;Егоровна;Бенин;1979-10-21
Боговарова;Елизавета;Федоровна;Сьерра-Леоне;1994-04-03
Кругликов;Ярослав;Алексеевич;Босния и Герцеговина;1977-09-26
Буднецкий;Роман;Николаевич;Саудовская Аравия;1985-10-28
Погонкина;Ольга;Вадимовна;Нидерланды;1975-03-29
Богаченков;Евгений;Иванович;Сент-Винсент и Гренадины;1998-07-23
Каршунова;Ева;Ивановна;Науру;1987-06-03
Докетова;Жанна;Евгеньевна;Лихтенштейн;1998-02-08
Распаева;Наталия;Борисовна;Нигерия;1990-12-05
Венбрина;Екатерина;Михайловна;Пакистан;1983-04-14
Корюзлова;Екатерина;Романовна;Франция;1976-07-26
Добротин;Александр;Евгеньевич;Латвия;1992-04-25
Семяшкина;Кира;Михайловна;Гана;1974-10-19
Кизев;Владимир;Василиевич;Таиланд;1987-03-22
Тагеева;Зинаида;Михайловна;Уганда;1988-04-09
Васекина;Алёна;Викторовна;Багамские Острова;1995-02-08
Бацына;Анна;Ивановна;Украина;1972-12-17
Гвозкова;Зинаида;Эдуардовна;Замбия;1989-09-20
Чертина;Алиса;Романовна;Экваториальная Гвинея;1982-10-25
Дедина;Ольга;Вадимовна;Самоа;1977-02-17
Верзунова;Маргарита;Романовна;Австралия;1982-11-07
Истюшкин;Геннадий;Юриевич;Федеративные Штаты Микронезии;1991-04-27
Кияновская;Раиса;Дмитриевна;Латвия;1984-06-11
Воробушкин;Михаил;Виталиевич;Уганда;1979-10-17
Заботин;Павел;Георгиевич;Бахрейн;1997-07-20
Казюков;Леонид;Викторович;Габон;1991-11-27
Самодергин;Павел;Георгиевич;Фиджи;1999-02-16
Арифулова;Вера;Игоревна;Сент-Винсент и Гренадины;1985-02-10
Кольдова;Светлана;Богдановна;Сингапур;1979-11-14
Лакеенков;Дмитрий;Кириллович;Республика Конго;1999-03-23
Рывчина;Вера;Андреевна;Люксембург;1989-07-26
Пахмурин;Герасим;Иванович;Кипр;1973-06-30
Юрасовский;Геннадий;Фёдорович;Мальдивы;1974-12-05
Лосякова;Вера;Кирилловна;Исландия;1998-04-04
Раскопин;Вячеслав;Георгиевич;Таиланд;1982-06-20
Певтев;Юрий;Георгиевич;Малайзия;1984-08-01
Миранцев;Никита;Игоревич;Бельгия;1996-10-08
Вечеров;Вадим;Павлович;Филиппины;1979-01-05
Атемасов;Аркадий;Юрьевич;Тринидад и Тобаго;1984-11-13
Братцев;Константин;Валериевич;Танзания;1991-05-31
Штаркин;Иван;Игоревич;Люксембург;1972-02-09
Пепинов;Аркадий;Петрович;Австралия;1974-08-27
Лохлова;Екатерина;Егоровна;Боливия;1999-11-16
Архапов;Иван;Леонидович;Лесото;1988-10-26
Чашникова;Алёна;Максимовна;Монголия;1999-01-03
Стефанишин;Павел;Романович;Сент-Винсент и Гренадины;1979-07-27
Самбурская;Тамара;Федоровна;Египет;1993-12-12
Молеханова;Валентина;Вадимовна;США;1994-03-02
Дранин;Пётр;Леонидович;Джибути;1979-05-30
Толкациева;Евгения;Вадимовна;Боливия;1981-01-31
Военушкина;Виолетта;Василевна;Мозамбик;1985-08-29
Маракуев;Роман;Павлович;Доминика;1973-02-07
Албегонова;Карина;Игоревна;Сирия;1976-09-25
Алютина;Елена;Кирилловна;Польша;1983-01-08
Сафеулин;Максим;Николаевич;Монако;1991-10-10
Кукишкина;Катерина;Леонидовна;Литва;1980-06-06
Треплов;Максим;Денисович;Руанда;1975-04-07
Туторский;Яков;Адамович;Кувейт;1977-06-28
Ветлужских;Виолетта;Яковлевна;Турция;1986-12-16
Кифцова;Ирина;Кирилловна;Сомали;1981-01-21
Рыбасова;Ольга;Викторовна;Армения;1986-06-20
Чемоданова;Тамара;Дмитриевна;Камбоджа;1991-08-16
Вохрошева;Виктория;Романовна;Таиланд;1999-09-27
Кархалева;Маргарита;Андреевна;Хорватия;1978-04-06
Цыпленкова;Виолетта;Алексеевна;Тунис;1976-09-23
Теврюков;Василий;Николаевич;Бразилия;1990-07-27
Асадов;Владимир;Виталиевич;Кувейт;1984-10-06
Аветиков;Степан;Фёдорович;Болгария;1981-10-05
Букалева;Алла;Эдуардовна;Габон;1983-01-14
Безикова;Анна;Викторовна;Греция;1995-10-23
Разутова;Наталья;Богдановна;Сан-Марино;1973-07-21
Вандрикова;Людмила;Николаевна;Пакистан;1974-12-04
Мишалов;Анатолий;Данилович;Израиль;1975-03-27
Лодянова;Надежда;Николаевна;Нигерия;1976-08-29
Балилина;Яна;Вадимовна;Тунис;1990-08-21
Хренникова;Катерина;Егоровна;Афганистан;1999-02-11
Тихтуров;Артур;Борисович;Нигер;1998-06-07
Викулкина;Зинаида;Андреевна;Эсватини;1991-12-22
Пещерский;Артём;Алексеевич;Швейцария;1987-06-29
Кананина;Жанна;Петровна;Литва;1989-09-05
Юшанова;Раиса;Михайловна;Литва;1987-01-18
Урюпов;Виктор;Юрьевич;Колумбия;1979-01-18
Големин;Роман;Иванович;США;1988-04-02
Банцов;Антон;Юрьевич;Франция;1985-09-11
Синетова;Зинаида;Ивановна;Гондурас;1984-11-07
Рейсих;Наталья;Борисовна;Эритрея;1974-05-15
Чайков;Эдуард;Андреевич;Сальвадор;1983-06-08
Мотяшов;Виталий;Михаилович;Гватемала;1983-01-26
Мамчева;Мария;Олеговна;Науру;1975-02-04
Сплетуков;Никита;Аркадиевич;Ирак;1986-10-24
Кнзягулова;Лиза;Егоровна;Грузия;1988-03-22
Поддуев;Михаил;Алексеевич;Малави;1995-02-05
Бородкина;Яна;Эдуардовна;Гондурас;1991-04-10
Митрошин;Денис;Валериевич;Бахрейн;1997-03-13
Позов;Николай;Аркадиевич;Катар;1977-12-12
Стряпкина;Софья;Эдуардовна;Алжир;1972-04-07
Бодрашова;Анастасия;Михайловна;Испания;1980-10-04
Ленилов;Владимир;Аркадиевич;Белоруссия;1978-03-09
Изьянов;Артём;Яковлевич;Бразилия;1990-10-14
Австрияков;Иван;Алексиевич;Никарагуа;1994-08-20
Жвайкин;Валерий;Георгиевич;Либерия;1976-11-15
Вершинкина;Людмила;Петровна;Франция;1991-03-17
Захарейкин;Денис;Денисович;Бенин;1980-07-20
Мелещева;Клара;Валерьевна;Эсватини;1975-09-02
Юнашкина;Алена;Богдановна;Того;1978-04-14
Хамлуева;Марина;Эдуардовна;Антигуа и Барбуда;1981-08-01
Коцерубова;Вероника;Алексеевна;КНДР;1982-02-05
Инговатов;Владислав;Василиевич;Намибия;1982-03-06
Лошманов;Борис;Аркадиевич;Сан-Марино;1990-06-30
Вондрухов;Михаил;Сергеевич;Сенегал;1989-11-08
Моссалева;Ирина;Богдановна;Вануату;1975-04-19
Шкарев;Георгий;Павлович;Индия;1973-04-06
Макарпина;Клавдия;Дмитриевна;Франция;1995-09-19
Озерков;Георгий;Игоревич;Япония;1986-09-30
Вашкинский;Аркадий;Игоревич;Мали;1988-02-24
Псункова;Кристина;Олеговна;Суринам;1984-01-13
Кормилов;Евгений;Виталиевич;Куба;1972-02-09
Малянина;Кира;Викторовна;Китай;1977-09-30
Енцов;Илья;Леонидович;Греция;1976-04-03
Мамылечев;Станислав;Юриевич;Новая Зеландия;1974-02-26
Лачков;Вячеслав;Антонович;Восточный Тимор;1985-12-09
Мосивичева;Алиса;Эдуардовна;Бенин;1985-11-07
Ломаева;Елена;Игоревна;Белиз;1983-01-13
Денегин;Пётр;Антонович;Уругвай;1972-02-13
Жижичкин;Виталий;Леонидович;Молдавия;1974-12-23
Абратюнов;Вадим;Виталиевич;Экваториальная Гвинея;1991-09-28
Маглов;Борис;Тимофеевич;Мальдивы;1990-12-03
Гололобова;Кристина;Вадимовна;Мальдивы;1972-08-11
Сенакосов;Валерий;Иванович;Босния и Герцеговина;1982-05-13
Хандамиров;Яков;Юриевич;Кипр;1989-05-14
Шуруков;Дмитрий;Леонидович;Бруней;1999-07-05
Носулина;Зинаида;Максимовна;Финляндия;1978-07-17
Тычева;Дарья;Петровна;Новая Зеландия;1992-05-28
Сквозняков;Денис;Яковлевич;Гана;1990-05-04
Демчишина;Вера;Богдановна;Малави;1999-08-27
Купреянова;Валерия;Яковлевна;ЮАР;1984-05-03
Цесина;Наталья;Яковлевна;Камбоджа;1987-09-27
Щепанская;Лариса;Леонидовна;Куба;1985-10-22
Чехранов;Леонид;Олегович;Латвия;1993-06-04
Карлюкин;Валентин;Виталиевич;Суринам;1984-02-26
Шутовская;Алиса;Аркадьевна;Андорра;1977-03-13
Дилюдин;Владислав;Андреевич;КНДР;1980-03-18
Пошехнов;Артур;Павлович;Тонга;1995-07-08
Мызнева;Оксана;Петровна;Сан-Марино;1982-08-27
Дешевцева;Ольга;Алексеевна;Италия;1992-08-26
Букашкин;Валерий;Борисович;Турция;1973-09-17
Падева;Оксана;Максимовна;Ливия;1976-12-29
Антыбаева;Любовь;Аркадьевна;Босния и Герцеговина;1997-01-13
Спунгин;Альберт;Максимович;Финляндия;1977-11-04
Сеноедов;Федор;Максимович;Сент-Винсент и Гренадины;1978-08-23
Кавалерова;Валерия;Максимовна;Коморы;1995-07-10
Кашеев;Константин;Николаевич;Мьянма;1976-07-13
Жоголева;Валерия;Борисовна;Лаос;1978-11-09
Владарская;Людмила;Федоровна;Уганда;1974-11-19
Поливанов;Вячеслав;Вадимович;ОАЭ;1979-07-10
Самков;Владислав;Юриевич;Сальвадор;1979-05-05
Колыманова;Марина;Петровна;Люксембург;1979-01-03
Батдалова;Алиса;Петровна;Эритрея;1986-11-25
Сухачев;Юрий;Юрьевич;Пакистан;1998-11-27
Учкина;Надежда;Сергеевна;Доминиканская Республика;1986-04-21
Челединов;Максим;Николаевич;Швейцария;1998-01-08
Атарканов;Альберт;Максимович;Кирибати;1983-08-30
Утевская;Клара;Андреевна;Йемен;1993-10-20
Устатина;Тамара;Валерьевна;Непал;1979-09-06
Корницкий;Вячеслав;Алексиевич;Кабо-Верде;1989-04-13
Сенинский;Иван;Петрович;Вануату;1984-11-21
Кондрычин;Николай;Адамович;Северная Македония;1975-10-30
Кореева;Юлия;Эдуардовна;Польша;1982-12-02
Сусакин;Станислав;Георгиевич;Оман;1977-03-23
Коцелябнов;Виктор;Адамович;Соломоновы Острова;1979-01-15
Окружнов;Павел;Алексеевич;Зимбабве;1997-02-25
Юшенов;Александр;Тимофеевич;Мали;1983-12-21
Тахопова;Ксения;Дмитриевна;Руанда;1990-08-07
Шиндряева;Валентина;Валерьевна;Руанда;1984-01-28
Андропова;Алена;Никитична;Кения;1997-05-09
Калмаков;Руслан;Антонович;Тувалу;1990-06-16
Сосинова;Анастасия;Ивановна;Швейцария;1989-05-08
Бордуков;Кирилл;Алексеевич;Сальвадор;1994-06-21
Ослонов;Павел;Антонович;Сингапур;1981-12-24
Теребаев;Павел;Павлович;Науру;1975-06-21
Кудичев;Андрей;Юриевич;Никарагуа;1989-12-31
Граборова;Наталья;Богдановна;Австрия;1993-08-28
Варлакин;Олег;Викторович;Непал;1996-01-21
Овчинкова;Екатерина;Борисовна;Словения;1984-08-23
Мечиков;Андрей;Михаилович;Сент-Китс и Невис;1995-02-19
Стюнякова;Юлия;Борисовна;Бахрейн;1996-07-20
Боботов;Александр;Фёдорович;Египет;1974-04-28
Гутев;Владимир;Сергеевич;Мьянма;1996-04-16
Томзова;Алиса;Валерьевна;Ботсвана;1994-05-06
Михалицина;Александра;Ивановна;Израиль;1973-07-13
Капочкин;Альберт;Иванович;Оман;1986-05-10
Галафеева;Марина;Николаевна;Парагвай;1992-02-19
Таруктаева;Маргарита;Романовна;Оман;1985-11-03
Горделева;Карина;Федоровна;ОАЭ;1992-09-24
Хомутский;Валентин;Леонидович;Бахрейн;1986-03-02
Мишикина;Яна;Борисовна;Сент-Люсия;1983-04-21
Труснов;Руслан;Денисович;Папуа;1974-11-22
Журенков;Геннадий;Иванович;Танзания;1974-12-10
Шиляков;Иван;Василиевич;Сент-Люсия;1995-10-19
Бушминкина;Ольга;Эдуардовна;Дания;1984-07-31
Бовшин;Денис;Леонидович;Израиль;1980-09-11
Туртухова;Анна;Аркадьевна;Антигуа и Барбуда;1991-10-29
Шкобина;Валерия;Евгеньевна;Мозамбик;1995-07-12
Юзикова;Ольга;Федоровна;Коморы;1973-09-23
Гераков;Борис;Тимофеевич;Кот-д’Ивуар;1982-10-23
Учувайтова;Валентина;Романовна;Тонга;1981-06-12
Зникина;Алла;Николаевна;Сенегал;1991-01-02
Потекина;Инна;Яковлевна;Тринидад и Тобаго;1978-09-15
Базнаев;Валентин;Михаилович;Коморы;1982-01-04
Штанев;Семён;Борисович;Сент-Винсент и Гренадины;1989-10-31
Велишанин;Иван;Денисович;Вьетнам;1993-12-15
Ханьжина;Светлана;Леонидовна;Нигер;1978-11-19
Юхатскова;Клара;Эдуардовна;Мальдивы;1977-01-07
Ледогорова;Виолетта;Алексеевна;Дания;1984-10-13
Соничева;Ольга;Кирилловна;Доминиканская Республика;1988-07-12
Шумляев;Александр;Яковлевич;Иран;1996-02-25
Гроусова;Ольга;Викторовна;Австрия;1990-02-12
Ахвердов;Степан;Иванович;Эфиопия;1973-03-07
Свирчинков;Анатолий;Сергеевич;Сент-Винсент и Гренадины;1984-12-21
Вирютина;Валентина;Федоровна;Израиль;1994-12-28
Атякин;Константин;Николаевич;Грузия;1987-11-05
Урклина;Зинаида;Аркадьевна;Бахрейн;1973-05-18
Тумбакова;Наталия;Никитична;Гондурас;1991-08-10
Толомин;Федор;Данилович;Сьерра-Леоне;1977-10-06
Рубальская;Оксана;Богдановна;Гана;1973-05-19
Томбаев;Олег;Леонидович;Марокко;1984-03-19
Курпикова;Вероника;Никитична;Джибути;1991-05-18
Фенев;Никита;Игоревич;Мадагаскар;1988-04-27
Ботайкина;Анна;Олеговна;Канада;1989-09-26
Канаккина;Анна;Викторовна;Руанда;1995-09-03
Холщев;Роман;Георгиевич;Бразилия;1991-09-09
Чербов;Александр;Борисович;Босния и Герцеговина;1994-12-14
Курелабина;Дарья;Федоровна;Перу;1973-09-29
Стрепачева;Алла;Дмитриевна;Гана;1976-12-25
Сташевский;Альберт;Романович;Намибия;1990-05-17
Типунина;Зинаида;Дмитриевна;Коста-Рика;1988-03-21
Мещеров;Евгений;Денисович;Боливия;1983-07-18
Видюхин;Руслан;Иванович;Гвинея;1986-04-27
Поборцев;Роман;Сергеевич;Танзания;1987-11-29
Симонычева;Алла;Яковлевна;Эсватини;1985-02-04
Хроничева;Оксана;Богдановна;Куба;1993-02-23
Квашинина;Кира;Василевна;Грузия;1988-10-25
Воякова;Тамара;Никитична;Мьянма;1991-06-30
Фатеечева;Светлана;Борисовна;Катар;1996-04-04
Шаднев;Дмитрий;Игоревич;Сент-Китс и Невис;1980-07-22
Чишевский;Андрей;Сергеевич;Сан-Томе и Принсипи;1991-10-12
Хайрнасова;Ольга;Алексеевна;Лихтенштейн;1979-06-17
Исенгулова;Любовь;Ивановна;Россия;1993-04-09
Симченков;Константин;Адамович;Сейшельские Острова;1975-06-17
Вдовочкин;Александр;Андреевич;Бурунди;1974-04-06
Скибинский;Ярослав;Игоревич;Белоруссия;1982-09-07
Толстенева;София;Николаевна;Сирия;1979-05-21
Янкавцев;Алексей;Игоревич;Сербия;1999-11-22
Долецкий;Григорий;Адамович;Мозамбик;1984-11-10
Былинин;Вячеслав;Сергеевич;Швейцария;1990-10-08
Чепроков;Олег;Михаилович;Уругвай;1978-12-04
Лигская;Лариса;Яковлевна;Мьянма;1988-06-06
Набигаева;Наталья;Викторовна;Никарагуа;1992-03-14
Феткуллин;Михаил;Яковлевич;Мальта;1976-09-18
Мосалов;Алексей;Романович;Люксембург;1975-04-14
Зверлова;Светлана;Ивановна;Гондурас;1978-11-15
Улыбашев;Тарас;Георгиевич;Гвинея;1992-03-10
Мочалкина;Вероника;Аркадьевна;Монголия;1985-08-20
Хопин;Герасим;Юрьевич;Таджикистан;1972-05-19
Перков;Денис;Валериевич;Сейшельские Острова;1984-02-17
Проскудин;Павел;Денисович;Эстония;1980-02-17
Тримбакова;Дарья;Николаевна;Демократическая Республика Конго;1983-10-17
Острин;Константин;Борисович;Малави;1990-11-22
Чернягина;Валерия;Валерьевна;Малави;1975-08-20
Марипина;Кира;Эдуардовна;Эфиопия;1985-07-30
Чехмакина;София;Аркадьевна;Науру;1981-09-09
Жунова;Лариса;Борисовна;Чехия;1989-03-30
Фунтова;Мария;Валерьевна;США;1977-06-08
Корыванова;Виктория;Игоревна;Ангола;1995-02-03
Дымская;Катерина;Петровна;Гренада;1997-08-04
Курчешова;Зинаида;Богдановна;Уганда;1989-03-14
Кранов;Николай;Вадимович;Гаити;1988-06-14
Евтухова;Светлана;Никитична;Кабо-Верде;1999-05-02
Подогов;Яков;Павлович;Коморы;1979-09-17
Исаеева;Кристина;Яковлевна;Иран;1974-03-08
Чечлаков;Михаил;Денисович;Сан-Томе и Принсипи;1974-09-05
Шикалина;Зинаида;Евгеньевна;Марокко;1982-06-30
Зазаркова;Ксения;Дмитриевна;Багамские Острова;1992-09-14
Пятнишева;Любовь;Эдуардовна;Эритрея;1989-01-09
Своитин;Григорий;Кириллович;Гватемала;1973-02-03
Шехонова;Александра;Леонидовна;Эсватини;1980-04-22
Горламов;Артур;Кириллович;Венгрия;1979-02-01
Липкин;Евгений;Олегович;Никарагуа;1980-09-24
Боронилов;Степан;Георгиевич;Сингапур;1980-07-16
Откоров;Кирилл;Тимофеевич;Филиппины;1983-04-15
Михолецкая;Анна;Ивановна;Азербайджан;1981-08-10
Илетичева;Карина;Петровна;Индонезия;1981-03-07
Фураев;Степан;Петрович;Южный Судан;1975-10-20
Дациев;Игорь;Валериевич;Сомали;1996-08-19
Чуркина;Надежда;Олеговна;Нигерия;1974-06-16
Газов;Виктор;Яковлевич;Египет;1974-04-11
Якшинская;Наталия;Николаевна;Румыния;1999-03-16
Феорелова;Жанна;Эдуардовна;Андорра;1988-12-31
Карапозов;Яков;Валериевич;Австрия;1975-05-03
Иншев;Алексей;Фёдорович;Непал;1981-01-01
Кафнова;Елена;Сергеевна;Сенегал;1976-07-24
Юфанова;Виолетта;Никитична;Палау;1985-02-13
Селинков;Георгий;Василиевич;Сент-Винсент и Гренадины;1987-06-22
Долгинова;Наталья;Игоревна;Бангладеш;1978-11-30
Курдачев;Юрий;Антонович;Бельгия;1974-05-31
Зинзина;Галина;Вадимовна;Науру;1999-08-23
Лентюгова;Алена;Аркадьевна;Сент-Винсент и Гренадины;1986-09-21
Шавензов;Евгений;Адамович;Латвия;1985-03-18
Мельдианов;Степан;Яковлевич;Йемен;1976-06-20
Цацкина;Инна;Николаевна;Киргизия;1991-02-10
Степашов;Николай;Фёдорович;Шри-Ланка;1972-05-29
Кабанеева;Тамара;Богдановна;Антигуа и Барбуда;1991-11-16
Кочтенкова;Надежда;Игоревна;Федеративные Штаты Микронезии;1987-05-13
Нимеякова;Раиса;Евгеньевна;Нидерланды;1987-11-11
Мишискина;Алена;Олеговна;Науру;1972-07-08
Брызжаева;Валентина;Кирилловна;Сент-Винсент и Гренадины;1977-01-12
Студенский;Тарас;Фёдорович;Эсватини;1976-06-20
Слепецкий;Яков;Алексеевич;Эквадор;1981-03-02
Гридонова;Инна;Сергеевна;Малайзия;1973-12-17
Чевгаева;Ксения;Николаевна;Мальта;1984-08-29
Валялина;Яна;Никитична;Нидерланды;1994-11-26
Кандасова;София;Романовна;Нигер;1998-03-25
Чевтайкин;Аркадий;Петрович;Эфиопия;1997-08-30
Беккерова;Катерина;Валерьевна;Бангладеш;1974-09-17
Сатурнова;Раиса;Егоровна;Федеративные Штаты Микронезии;1998-05-08
Невструев;Виталий;Вадимович;Гондурас;1980-08-01
Головенин;Альберт;Кириллович;Франция;1994-06-09
Айнуллова;Зинаида;Викторовна;Мьянма;1980-07-17
Федышкин;Вадим;Юрьевич;Греция;1974-09-24
Жванина;Полина;Борисовна;Лихтенштейн;1984-05-18
Гловацкий;Антон;Данилович;Эстония;1987-06-24
Стаскова;Карина;Викторовна;Грузия;1999-01-06
Лимаев;Кирилл;Георгиевич;Панама;1977-12-30
Чапаева;Виолетта;Сергеевна;Лаос;1987-03-12
Рацупкина;Тамара;Евгеньевна;Иран;1993-09-02
Эделев;Геннадий;Викторович;Греция;1992-08-09
Дудлина;Виктория;Игоревна;Бахрейн;1987-07-03
Шумбаринов;Иван;Игоревич;Молдавия;1980-02-09
Паневкин;Юрий;Антонович;Судан;1979-01-27
Коробовкин;Артур;Андреевич;Эстония;1985-12-25
Парфирьев;Денис;Георгиевич;Парагвай;1981-11-13
Шамрева;Виктория;Федоровна;Португалия;1986-10-20
Хазинская;Лариса;Максимовна;Таиланд;1992-07-04
Хотимская;Полина;Федоровна;Сьерра-Леоне;1976-10-30
Пронюткина;Раиса;Андреевна;Филиппины;1985-08-31
Тиманьков;Борис;Павлович;Киргизия;1994-03-28
Серницкая;Лиза;Николаевна;Республика Конго;1980-10-16
Княжева;Александра;Вадимовна;Андорра;1989-06-25
Кондяков;Григорий;Василиевич;Камбоджа;1981-07-01
Лазурина;Ольга;Аркадьевна;Андорра;1991-11-26
Басарин;Артур;Андреевич;Гвинея-Бисау;1977-07-13
Трубленков;Герасим;Данилович;Сент-Люсия;1999-07-31
Аристова;Ольга;Сергеевна;Нигер;1995-05-12
Мамекова;Жанна;Борисовна;Восточный Тимор;1981-04-22
Дакушкин;Ярослав;Романович;Кабо-Верде;1988-04-06
Полужников;Олег;Игоревич;Бенин;1993-03-25
Катынский;Вадим;Аркадиевич;Словения;1972-02-07
Фуренков;Илья;Петрович;Австралия;1984-02-29
Мигурина;Ольга;Михайловна;Мозамбик;1992-10-20
Шарабков;Дмитрий;Сергеевич;Коморы;1987-01-21
Карговская;София;Эдуардовна;Сент-Китс и Невис;1986-03-28
Гойцева;Ирина;Алексеевна;Австралия;1994-09-12
Варлахова;Кира;Егоровна;Гаити;1998-04-03
Кулимин;Евгений;Игоревич;Франция;1975-10-03
Шашенкова;Любовь;Федоровна;Мьянма;1972-07-13
Игнатычева;Яна;Максимовна;Босния и Герцеговина;1987-12-01
Глуховцева;Наталия;Олеговна;Камерун;1998-05-20
Суматохина;Дарья;Вадимовна;Руанда;1987-10-24
Гудничева;Ева;Леонидовна;Филиппины;1981-10-26
Оковякин;Артур;Георгиевич;Япония;1986-05-07
Домогацкая;Лариса;Дмитриевна;Вануату;1998-05-03
Брюсова;Раиса;Борисовна;Кот-д’Ивуар;1994-06-29
Минюкова;Дарья;Яковлевна;Боливия;1984-08-19
Котцов;Федор;Алексиевич;Китай;1991-03-15
Межевская;Александра;Максимовна;Азербайджан;1979-10-10
Савикин;Владимир;Петрович;Вьетнам;1983-01-05
Ррванцов;Максим;Николаевич;Палау;1985-05-21
Филатников;Вячеслав;Юриевич;Люксембург;1985-05-30
Шамтов;Дмитрий;Николаевич;Бангладеш;1992-08-12
Ямамиева;Мария;Алексеевна;Сент-Китс и Невис;1992-05-20
Дытченков;Андрей;Юриевич;Сан-Марино;1977-02-05
Рычев;Семён;Юрьевич;Андорра;1999-09-26
Грушихина;Наталия;Леонидовна;Папуа;1980-03-02
Киржинов;Аркадий;Алексиевич;Грузия;1979-06-07
Праткин;Леонид;Алексиевич;Ангола;1996-07-18
Ончурова;Кристина;Аркадьевна;Иордания;1977-05-18
Синичева;Тамара;Сергеевна;Катар;1975-03-28
Двойцева;Алина;Максимовна;Эритрея;1984-09-08
Набоких;Леонид;Тимофеевич;Болгария;1997-11-29
Никишанов;Константин;Фёдорович;Монако;1995-09-18
Лежахина;Ольга;Кирилловна;Киргизия;1989-01-05
Аноньева;Ева;Михайловна;Россия;1973-03-03
Гореличева;Ева;Леонидовна;Нигер;1997-10-07
Галионов;Константин;Павлович;Чехия;1991-08-24
Жулкина;Клавдия;Михайловна;Танзания;1987-05-24
Балейкина;Любовь;Вадимовна;Исландия;1983-08-21
Аноскина;Полина;Алексеевна;Монголия;1980-08-08
Бахлинов;Игорь;Юрьевич;Бурунди;1978-07-21
Максимцов;Артём;Денисович;Мексика;1996-08-04
Трощилова;Ирина;Михайловна;Перу;1981-09-21
Курмазова;София;Петровна;Республика Корея;1981-04-23
Чибирев;Эдуард;Валериевич;ЮАР;1980-10-25
Зайковская;Ирина;Василевна;Центральноафриканская Республика;1973-05-16
Барзыкин;Геннадий;Алексиевич;Науру;1990-12-08
Иванышкина;Лариса;Василевна;Кабо-Верде;1989-05-07
Вандина;Наталия;Олеговна;ЮАР;1980-10-29
Тепеев;Илья;Игоревич;Иран;1994-08-26
Свечнов;Владимир;Евгеньевич;Швеция;1991-05-16
Бадренков;Эдуард;Данилович;Мали;1985-07-25
Сливницкий;Юрий;Евгеньевич;Шри-Ланка;1980-03-10
Гордеихин;Артур;Алексеевич;Ангола;1976-02-18
Дуженкова;Елизавета;Валерьевна;Сирия;1996-05-20
Вукулова;Александра;Валерьевна;Румыния;1991-02-05
Бунишкина;Ольга;Петровна;Никарагуа;1975-09-20
Полуштова;Елизавета;Викторовна;Швеция;1997-07-13
Работин;Антон;Борисович;Иордания;1976-06-05
Полонская;Жанна;Дмитриевна;Индонезия;1992-06-05
Сячинова;Клавдия;Алексеевна;Сьерра-Леоне;1993-06-07
Ланивская;Алена;Вадимовна;Черногория;1996-04-09
Селефонов;Никита;Николаевич;Нигерия;1998-11-02
Корбулаков;Алексей;Борисович;Маршалловы Острова;1980-03-07
Кузмицкий;Владислав;Михаилович;Эритрея;1985-01-16
Дубинов;Василий;Алексиевич;Словакия;1985-12-06
Делькова;Алёна;Василевна;Шри-Ланка;1975-04-30
Вачевский;Алексей;Алексиевич;Таиланд;1985-12-12
Богина;Карина;Евгеньевна;Дания;1989-08-10
Фентисова;Алина;Ивановна;Израиль;1972-09-26
Имадова;Ольга;Алексеевна;Мальдивы;1974-06-17
Капаева;Светлана;Яковлевна;Кот-д’Ивуар;1985-08-20
Мурлыкова;Валерия;Петровна;Австралия;1987-03-03
Дебрусина;Клавдия;Василевна;Болгария;1986-12-12
Апреликова;Алёна;Игоревна;Кения;1993-11-09
Охотникова;Катерина;Романовна;Намибия;1980-04-07
Кобзенков;Эдуард;Евгеньевич;Камерун;1997-07-12
Помочалкин;Константин;Антонович;Венгрия;1978-05-30
Медведева;Лариса;Валерьевна;Сомали;1999-10-18
Галасина;Тамара;Петровна;Гондурас;1976-02-07
Бобрыкина;Ирина;Алексеевна;Буркина-Фасо;1987-08-11
Чуразова;Кристина;Леонидовна;Шри-Ланка;1981-02-07
Молкоедова;Юлия;Максимовна;Франция;1986-02-10
Ласакин;Владимир;Евгеньевич;Сенегал;1983-01-11
Утехинский;Антон;Петрович;Украина;1985-07-04
Громошин;Дмитрий;Валериевич;Мадагаскар;1981-04-12
Гореленков;Илья;Андреевич;Эквадор;1980-02-08
Апаев;Руслан;Юриевич;Нигерия;1987-06-20
Карлашев;Артур;Василиевич;Швеция;1975-05-27
Дафнина;Жанна;Романовна;Антигуа и Барбуда;1993-08-13
Бающева;Виктория;Алексеевна;Иордания;1973-11-05
Ольгинская;Алена;Николаевна;Сингапур;1988-04-04
Капурин;Константин;Антонович;Эквадор;1981-10-05
Бадренкова;Алина;Василевна;Шри-Ланка;1986-12-22
Кутьков;Андрей;Вадимович;США;1998-04-12
Яккин;Вадим;Кириллович;Гаити;1995-08-13
Чаврина;Тамара;Вадимовна;Республика Корея;1974-09-12
Миришанов;Артур;Яковлевич;Мальта;1985-04-09
Лабухина;Маргарита;Никитична;Бутан;1999-06-29
Озова;Полина;Евгеньевна;Япония;1987-12-20
Пачутина;Карина;Евгеньевна;Кения;1979-03-27
Калядина;Ева;Аркадьевна;Гватемала;1972-06-27
Бредникова;Раиса;Яковлевна;Вануату;1999-07-05
Сологубова;Зинаида;Петровна;Италия;1979-11-27
Мурманцева;Любовь;Федоровна;Бурунди;1980-02-12
Корчакова;Дарья;Петровна;Афганистан;1994-12-06
Митцев;Павел;Данилович;Иордания;1990-07-19
Залужский;Владимир;Юриевич;Мозамбик;1994-06-01
Грашников;Никита;Николаевич;Никарагуа;1987-12-16
Новобытова;Надежда;Яковлевна;Маршалловы Острова;1982-03-28
Лозовицкая;Полина;Петровна;Ирак;1977-05-03
Афалов;Вадим;Юрьевич;Гватемала;1997-06-18
Огнивцев;Яков;Василиевич;Турция;1984-06-21
Кельдюшева;Тамара;Богдановна;Тунис;1994-12-26
Елсукова;Маргарита;Никитична;Гондурас;1978-01-21
Ватолина;Валерия;Сергеевна;Сент-Китс и Невис;1992-09-30
Брыкалова;Маргарита;Леонидовна;Белоруссия;1996-05-03
Сернова;Валентина;Кирилловна;Германия;1994-02-20
Амброгов;Роман;Николаевич;Саудовская Аравия;1987-12-02
Маргушин;Владислав;Максимович;Чад;1982-08-27
Безулова;Валерия;Игоревна;Лихтенштейн;1995-11-28
Ламышева;Галина;Аркадьевна;Болгария;1982-06-15
Тюмокина;Лариса;Ивановна;Барбадос;1980-10-19
Кшимкина;Полина;Леонидовна;Россия;1995-01-11
Грябина;Раиса;Валерьевна;Португалия;1990-04-14
Танапова;Галина;Дмитриевна;Габон;1991-11-24
Шамбарова;Вера;Михайловна;Белоруссия;1987-10-15
Чаузов;Станислав;Юрьевич;Зимбабве;1981-01-16
Сарнакова;Вера;Андреевна;Намибия;1979-02-02
Блимготов;Василий;Виталиевич;Багамские Острова;1977-04-14
Пастинский;Виталий;Евгеньевич;Нигерия;1980-07-21
Бегучев;Владислав;Фёдорович;Сирия;1981-06-01
Харчилова;Яна;Вадимовна;Литва;1992-05-03
Крутиков;Семён;Леонидович;Мьянма;1999-02-05
Зияэтдинов;Роман;Петрович;Перу;1974-03-07
Соловцев;Игорь;Павлович;Румыния;1992-05-11
Дребский;Алексей;Романович;Ангола;1986-05-14
Гормузев;Антон;Адамович;Федеративные Штаты Микронезии;1997-04-20
Панушкин;Семён;Аркадиевич;Мьянма;1980-07-03
Гедрецов;Герасим;Борисович;Мьянма;1975-09-29
Лухминский;Вячеслав;Евгеньевич;Соломоновы Острова;1990-02-08
Силючкина;Алла;Кирилловна;Багамские Острова;1987-10-13
Грицианова;Александра;Борисовна;Гамбия;1972-05-03
Бадонышева;Александра;Борисовна;Суринам;1988-04-05
Миусова;Мария;Федоровна;Литва;1973-06-11
Симонцев;Григорий;Иванович;Сенегал;1985-10-31
Фитин;Юрий;Леонидович;Гана;1989-10-06
Шумятьева;Елена;Михайловна;Мальдивы;1987-12-19
Окоева;Зинаида;Андреевна;Сан-Марино;1978-04-09
Замилацков;Игорь;Иванович;Уганда;1974-02-18
Галенская;Надежда;Викторовна;Япония;1991-06-16
Кривогов;Антон;Викторович;ЮАР;1985-09-29
Цетповская;Катерина;Викторовна;Исландия;1995-04-06
Карачкин;Дмитрий;Вадимович;Сенегал;1999-04-29
Бурняшев;Иван;Павлович;Мали;1985-10-20
Паторочина;Валентина;Алексеевна;Ямайка;1985-05-04
Башлыкова;Жанна;Игоревна;Боливия;1987-10-01
Лалухин;Виталий;Василиевич;Болгария;1975-12-27
Масякин;Борис;Максимович;Уругвай;1978-08-16
Супренков;Юрий;Андреевич;Аргентина;1974-08-03
Адугина;Лиза;Кирилловна;Таиланд;1995-09-11
Миртюков;Максим;Виталиевич;Монако;1991-01-10
Ландарский;Георгий;Кириллович;Фиджи;1992-06-29
Лановская;Ксения;Никитична;Бельгия;1994-03-03
Забатурин;Василий;Юриевич;Сирия;1984-04-03
Веселикова;Ева;Богдановна;Канада;1972-08-18
Бельдянова;Маргарита;Эдуардовна;Люксембург;1991-10-28
Посцелова;Оксана;Максимовна;Норвегия;1987-03-10
Трупкова;Яна;Олеговна;Суринам;1983-08-05
Куракалова;Ирина;Кирилловна;Сьерра-Леоне;1973-08-30
Бедкина;Софья;Вадимовна;Антигуа и Барбуда;1978-02-02
Кондрашкин;Виталий;Сергеевич;Испания;1986-06-12
Чалисов;Илья;Михаилович;Швеция;1983-11-29
Варломова;Кира;Сергеевна;Габон;1985-01-05
Размазова;Вера;Леонидовна;Зимбабве;1974-09-07
Чиндушкина;Софья;Аркадьевна;Мозамбик;1991-02-17
Яровская;Наталья;Егоровна;Ямайка;1997-06-22
Куреленков;Герасим;Вадимович;Самоа;1992-09-01
Зиякаев;Денис;Иванович;Бруней;1993-01-25
Минушкин;Илья;Аркадиевич;Таиланд;1972-03-08
Колецкий;Артём;Алексиевич;Польша;1976-06-15
Мазанкин;Федор;Георгиевич;Индия;1984-01-27
Храмченкин;Илья;Василиевич;Сомали;1986-11-25
Абалакин;Михаил;Адамович;Кипр;1992-09-27
Нурова;Вероника;Сергеевна;Панама;1987-02-02
Нестеркин;Владислав;Петрович;Палау;1980-03-11
Кривуцова;Галина;Леонидовна;Новая Зеландия;1995-06-08
Ларешин;Руслан;Алексиевич;Норвегия;1985-07-04
Волженская;Наталья;Кирилловна;Албания;1989-07-27
Голобурдин;Анатолий;Тимофеевич;Танзания;1975-12-14
Камионская;Карина;Федоровна;Мальта;1984-09-30
Сдобнов;Артур;Олегович;Тринидад и Тобаго;1978-09-16
Рыльских;Ирина;Михайловна;Грузия;1975-07-22
Криваскина;Галина;Максимовна;Австрия;1990-04-09
Никиктина;Алёна;Петровна;Бельгия;1980-09-23
Лутьянова;Елена;Кирилловна;Швейцария;1997-02-07
Пытков;Павел;Петрович;Португалия;1974-06-11
Абрезякова;Полина;Аркадьевна;Сенегал;1973-12-10
Трыкалкин;Тарас;Николаевич;Бангладеш;1987-10-07
Настехин;Юрий;Сергеевич;Таджикистан;1993-11-16
Жмаев;Виктор;Петрович;Того;1993-09-20
Кофейников;Никита;Борисович;Габон;1981-11-20
Керин;Семён;Виталиевич;Антигуа и Барбуда;1992-12-21
Образков;Михаил;Валериевич;Тонга;1993-05-29
Иляхин;Владислав;Леонидович;Катар;1989-02-21
Мясоведова;Екатерина;Петровна;Федеративные Штаты Микронезии;1985-06-18
Сорбугаев;Роман;Сергеевич;Ямайка;1992-08-28
Цурмилова;Карина;Аркадьевна;Литва;1980-10-10
Калямова;Оксана;Николаевна;Аргентина;1979-11-23
Лисеева;Маргарита;Ивановна;Самоа;1975-02-25
Огурцов;Андрей;Адамович;Иран;1973-03-08
Нечуятова;Марина;Вадимовна;Россия;1985-05-27
Зараев;Станислав;Вадимович;Ботсвана;1975-11-06
Девлетова;Светлана;Никитична;Камерун;1977-04-10
Фуритова;Мария;Дмитриевна;Азербайджан;1981-05-19
Удалкина;Алёна;Вадимовна;Бахрейн;1985-12-31
Завизина;Дарья;Сергеевна;Сьерра-Леоне;1988-02-25
Нигдина;Вера;Вадимовна;Мексика;1996-10-10
Жибоедов;Виталий;Денисович;Норвегия;1974-12-02
Шарлапов;Вячеслав;Иванович;Швеция;1975-11-30
Платашева;Софья;Ивановна;Мексика;1988-03-02
Комстачева;Кира;Ивановна;Замбия;1986-11-18
Лохматиков;Тарас;Кириллович;Пакистан;1987-05-20
Киваева;Евгения;Андреевна;Люксембург;1987-09-24
Пудов;Василий;Борисович;Хорватия;1984-09-21
Вонилина;Ксения;Кирилловна;Андорра;1987-06-19
Глембоцкий;Федор;Николаевич;Сан-Марино;1975-12-10
Ронкин;Виталий;Андреевич;США;1994-08-18
Санданова;Кристина;Евгеньевна;Лихтенштейн;1980-12-10
Эсипов;Николай;Юрьевич;Португалия;1997-07-18
Солонцев;Андрей;Павлович;Марокко;1981-03-20
Маскаев;Иван;Андреевич;Сан-Марино;1983-08-02
Обносов;Олег;Евгеньевич;Норвегия;1992-07-19
Дикарев;Александр;Василиевич;Индонезия;1985-03-18
Екенина;Зинаида;Олеговна;Барбадос;1986-01-12
Карулина;Светлана;Алексеевна;Гондурас;1999-03-07
Муцкая;Надежда;Сергеевна;Судан;1991-12-27
Ловковский;Павел;Фёдорович;Фиджи;1985-03-04
Киндяков;Олег;Фёдорович;Центральноафриканская Республика;1988-03-11
Вавинов;Илья;Яковлевич;Швеция;1992-02-01
Филеев;Валерий;Антонович;Камерун;1986-10-28
Хлапова;Галина;Дмитриевна;Самоа;1990-01-02
Ваюкина;Яна;Егоровна;Кабо-Верде;1975-01-23
Созинов;Геннадий;Николаевич;Польша;1995-12-16
Несыпова;Наталья;Евгеньевна;Кувейт;1989-06-13
Малюшев;Никита;Тимофеевич;Кирибати;1989-01-02
Сухогузов;Яков;Георгиевич;Лесото;1975-01-30
Подвязнов;Пётр;Игоревич;Южный Судан;1976-09-19
Ноздрунова;Виолетта;Алексеевна;Аргентина;1985-07-13
Эрикаева;Полина;Богдановна;Венесуэла;1999-04-27
