surname;name;patronymic;citizenship;date_of_birth;id_sc
Дурнев;Евгений;Романович;Тринидад и Тобаго;1994-09-13;794
Саустеев;Борис;Борисович;Аргентина;1998-08-28;434
Баданова;Наталия;Валерьевна;Вьетнам;1984-02-13;245
Даньяров;Владислав;Вадимович;Ирак;1984-03-31;872
Амшарин;Иван;Леонидович;Кабо-Верде;1979-12-20;447
Лазуптов;Борис;Тимофеевич;Куба;1998-12-29;327
Килярский;Игорь;Яковлевич;Туркмения;1995-07-31;336
Дрогайцев;Федор;Виталиевич;Тонга;1972-11-03;535
Косячков;Степан;Алексиевич;Сальвадор;1997-01-06;278
Негматулин;Григорий;Адамович;Коморы;1989-05-24;672
Татьянцев;Вячеслав;Юриевич;Сальвадор;1978-04-19;912
Первушев;Станислав;Игоревич;Судан;1977-04-19;441
Оденов;Дмитрий;Вадимович;Йемен;1981-03-24;45
Эрих;Артур;Сергеевич;Никарагуа;1980-12-30;419
Молочнов;Никита;Валериевич;Кабо-Верде;1993-04-29;126
Шлеханова;Виолетта;Федоровна;Австрия;1992-11-25;780
Велитов;Кирилл;Алексеевич;Соломоновы Острова;1977-12-01;205
Сунцева;Валентина;Егоровна;Лихтенштейн;1980-11-06;240
Спутнова;Ольга;Игоревна;Ливан;1991-11-05;817
Корозова;Алена;Максимовна;Россия;1982-02-05;76
Тарлычева;Яна;Алексеевна;Мальта;1990-10-08;557
Бускин;Леонид;Романович;Бразилия;1978-03-15;579
Рыжакин;Валентин;Алексиевич;Гаити;1988-11-28;450
Мерзова;Светлана;Яковлевна;Узбекистан;1975-06-07;867
Синчугов;Федор;Фёдорович;Сирия;1974-03-26;843
Пакшина;Марина;Михайловна;Андорра;1977-09-26;8
Бачкин;Геннадий;Валериевич;Намибия;1999-09-19;246
Бобрешов;Алексей;Георгиевич;Панама;1974-11-30;438
Луканенков;Николай;Валериевич;Ирландия;1974-08-26;746
Бикматов;Герасим;Павлович;Экваториальная Гвинея;1981-12-12;190
Хуснуллина;Анна;Евгеньевна;Гондурас;1979-06-08;514
Козюрова;Александра;Аркадьевна;Вануату;1979-08-26;70
Асавин;Леонид;Георгиевич;Чили;1992-04-05;927
Нутова;Евгения;Вадимовна;Сан-Марино;1973-07-17;997
Бишарев;Владимир;Леонидович;Перу;1998-07-31;676
Гольманов;Евгений;Данилович;Кот-д’Ивуар;1991-10-22;52
Лидовский;Дмитрий;Василиевич;Барбадос;1980-03-29;466
Бырихин;Георгий;Юриевич;Кения;1981-12-18;820
Ягодкин;Александр;Иванович;Таджикистан;1972-07-28;954
Щиблеткин;Антон;Кириллович;Экваториальная Гвинея;1999-07-16;923
Шахмагонов;Иван;Фёдорович;Румыния;1974-06-30;564
Кемалов;Иван;Петрович;США;1997-02-15;51
Тирдатов;Виктор;Вадимович;Тунис;1994-07-14;933
Полина;Тамара;Викторовна;Колумбия;1995-06-17;391
Батюшина;Софья;Андреевна;Мали;1988-01-16;191
Копкин;Степан;Иванович;Бурунди;1988-08-01;545
Бехбутова;Вероника;Богдановна;Ирландия;1995-03-18;200
Меледин;Михаил;Фёдорович;Таиланд;1994-11-03;277
Шивцов;Антон;Романович;Россия;1992-03-17;735
Кривенцев;Юрий;Валериевич;Черногория;1991-08-18;378
Трапчиков;Евгений;Юриевич;Колумбия;1995-04-05;207
Маринский;Олег;Игоревич;Федеративные Штаты Микронезии;1986-01-25;741
Зацеляпина;Марина;Валерьевна;Белоруссия;1989-02-06;38
Чумбарева;Виктория;Ивановна;Вьетнам;1991-12-10;454
Казаковцев;Эдуард;Адамович;Черногория;1981-06-08;862
Чигодайкин;Максим;Викторович;Сомали;1996-02-11;581
Малахинова;Анастасия;Вадимовна;Греция;1976-07-29;188
Брандин;Василий;Олегович;Аргентина;1996-03-15;393
Смыженкова;Полина;Аркадьевна;Бенин;1976-09-14;791
Жемогулова;Полина;Сергеевна;Палау;1984-09-05;937
Ливеров;Владислав;Валериевич;Коста-Рика;1992-06-26;487
Мацанова;Тамара;Борисовна;Шри-Ланка;1973-05-08;48
Эльтекова;Клара;Игоревна;Филиппины;1984-03-15;20
Тишинова;Надежда;Никитична;Литва;1989-06-18;914
Нечесанова;Маргарита;Эдуардовна;Габон;1986-12-09;907
Тумышева;Светлана;Романовна;Швейцария;1975-11-15;648
Софриков;Антон;Петрович;Кабо-Верде;1972-09-30;680
Целуйкин;Эдуард;Петрович;Венгрия;1981-09-14;815
Тесенкова;Елизавета;Кирилловна;Мадагаскар;1972-11-10;361
Щекалева;Алёна;Эдуардовна;Аргентина;1991-01-23;86
Талыков;Яков;Олегович;Нидерланды;1992-12-31;418
Рахелькина;Алёна;Леонидовна;Боливия;1996-06-03;317
Факеев;Иван;Аркадиевич;Нигерия;1986-11-11;194
Рюмин;Геннадий;Кириллович;Сан-Марино;1981-12-27;210
Христюхин;Антон;Василиевич;Нидерланды;1997-09-15;382
Неповитова;Екатерина;Сергеевна;Малави;1975-03-07;826
Никишенков;Артём;Виталиевич;Сенегал;1974-03-24;381
Мамева;Людмила;Викторовна;Эсватини;1987-12-07;514
Стучков;Валентин;Антонович;Индия;1991-10-11;404
Смашнева;Лиза;Романовна;Непал;1992-06-19;725
Самовидова;Галина;Петровна;Мексика;1973-06-04;613
Махортых;Руслан;Тимофеевич;Грузия;1978-10-14;554
Крыганов;Руслан;Олегович;ЮАР;1985-02-24;538
Полункина;Жанна;Никитична;Ирландия;1973-01-11;268
Равенский;Виталий;Романович;Филиппины;1978-01-05;357
Шеварутина;Оксана;Романовна;Эстония;1973-11-18;233
Ивченков;Дмитрий;Юрьевич;Намибия;1980-05-29;413
Юсяйкина;Жанна;Богдановна;Эстония;1988-02-06;823
Тужилова;Виктория;Егоровна;Таиланд;1973-08-25;136
Маркевина;Алёна;Дмитриевна;Монако;1982-10-09;870
Метлякова;Клара;Олеговна;Республика Корея;1992-02-24;106
Григарова;Наталья;Ивановна;Экваториальная Гвинея;1992-02-02;227
Мордясов;Альберт;Михаилович;Мавритания;1997-07-08;572
Гайденкова;Наталья;Эдуардовна;Гамбия;1993-06-17;646
Кельсиков;Олег;Олегович;Монако;1983-03-23;889
Дезин;Никита;Михаилович;Гвинея;1994-03-02;966
Щедринская;Клавдия;Алексеевна;Вануату;1972-07-13;13
Тимакин;Борис;Денисович;Афганистан;1985-10-07;643
Карнышева;Анастасия;Борисовна;Нидерланды;1988-06-19;919
Петюхин;Антон;Данилович;Южный Судан;1973-12-11;781
Бочеверова;Ксения;Эдуардовна;Босния и Герцеговина;1997-04-05;915
Абдуалиева;Анастасия;Романовна;Либерия;1978-03-25;389
Шалопина;София;Борисовна;Мадагаскар;1975-10-27;765
Стучилина;Вероника;Ивановна;Коморы;1976-10-02;670
Проничева;Кира;Михайловна;Финляндия;1973-09-29;20
Утемишев;Иван;Георгиевич;Ливан;1991-08-16;844
Моин;Владислав;Виталиевич;Сент-Люсия;1998-09-09;691
Погожаева;Оксана;Олеговна;Джибути;1998-11-28;755
Арбашин;Олег;Фёдорович;Ливия;1993-02-15;95
Бурлева;Светлана;Викторовна;Габон;1994-05-07;589
Забусов;Герасим;Георгиевич;Чили;1974-12-17;672
Прожогина;Лиза;Петровна;Грузия;1972-06-02;768
Мишеева;Кира;Андреевна;Хорватия;1975-12-01;961
Никотинев;Денис;Леонидович;Вануату;1988-06-19;803
Чибрыкина;Елена;Романовна;Исландия;1986-10-18;736
Шивалина;Елизавета;Андреевна;Зимбабве;1998-11-23;91
Комалухина;Алёна;Никитична;Узбекистан;1997-04-09;432
Хританков;Константин;Павлович;Албания;1982-10-17;202
Гудомарова;Анна;Эдуардовна;Чехия;1986-07-08;24
Ковышкин;Владимир;Иванович;Перу;1992-05-14;286
Двинских;Виолетта;Николаевна;Эстония;1999-10-14;893
Кумичев;Никита;Георгиевич;Малайзия;1993-01-15;825
Щетнев;Яков;Олегович;Монако;1982-08-01;196
Кононов;Станислав;Алексиевич;Того;1975-12-25;590
Ботева;Алёна;Михайловна;Сербия;1994-02-08;419
Машкаркин;Виталий;Михаилович;Гайана;1998-02-04;528
Цимарова;Елизавета;Олеговна;Эквадор;1990-08-18;202
Проневская;Инна;Никитична;Индия;1988-01-18;957
Ахтерякова;Елизавета;Игоревна;Лесото;1976-03-10;359
Лупырева;Кристина;Сергеевна;Словения;1992-12-31;609
Лякуткин;Александр;Евгеньевич;Чили;1993-12-19;913
Копытцова;Ирина;Максимовна;Великобритания;1980-04-12;471
Порунцева;Карина;Сергеевна;Йемен;1982-11-29;699
Жочкина;Виктория;Никитична;Гайана;1978-08-09;324
Княжевская;Катерина;Федоровна;Колумбия;1983-05-24;956
Семиошкин;Леонид;Леонидович;Никарагуа;1984-03-06;406
Пахтанов;Аркадий;Юрьевич;Австралия;1992-11-12;60
Алихманов;Артём;Сергеевич;Сомали;1980-02-15;593
Чуваева;Анна;Богдановна;Польша;1977-05-07;630
Волгов;Яков;Романович;Оман;1972-03-23;102
Болотецкий;Аркадий;Викторович;Южный Судан;1992-07-17;378
Махмудова;Софья;Богдановна;Ирландия;1997-03-19;30
Богранов;Эдуард;Денисович;Джибути;1976-01-26;629
Димчевский;Александр;Яковлевич;Нигерия;1974-10-02;916
Кутерова;Елена;Максимовна;Монако;1972-02-15;286
Кученова;Наталья;Викторовна;Палау;1982-09-24;61
Тюхменева;Раиса;Андреевна;Таджикистан;1999-04-20;730
Семышева;Вера;Валерьевна;Либерия;1999-09-03;944
Братевский;Игорь;Вадимович;Замбия;1993-03-31;71
Пукина;Кира;Михайловна;Руанда;1983-10-09;859
Моросова;София;Игоревна;Сомали;1994-10-17;103
Антилофьев;Денис;Петрович;Ирландия;1977-10-04;480
Битенская;Наталия;Леонидовна;Вануату;1995-02-19;517
Цынин;Яков;Денисович;Сьерра-Леоне;1989-06-22;740
Жодзишский;Максим;Юриевич;Польша;1996-07-26;432
Порсин;Ярослав;Евгеньевич;Судан;1988-06-15;711
Гудымов;Виктор;Михаилович;Монголия;1996-01-02;884
Коин;Руслан;Василиевич;Перу;1996-04-06;743
Рямзина;Виктория;Яковлевна;Норвегия;1978-06-05;79
Шлеина;Ирина;Ивановна;КНДР;1981-01-10;254
Ухновская;Галина;Ивановна;КНДР;1973-06-10;219
Казаева;Инна;Михайловна;Мадагаскар;1991-11-10;405
Троцкая;Алиса;Вадимовна;Буркина-Фасо;1990-04-21;159
Василишин;Борис;Игоревич;Бангладеш;1998-01-31;940
Балыченков;Виталий;Алексеевич;Литва;1979-01-23;648
Витовтов;Виктор;Тимофеевич;Бруней;1978-01-09;984
Устинсков;Тарас;Виталиевич;Доминика;1980-05-16;891
Перикина;Анастасия;Петровна;Доминиканская Республика;1989-02-25;756
Шермадина;Алиса;Василевна;Чили;1979-08-29;917
Гобаева;Инна;Кирилловна;Сирия;1986-12-12;999
Зиманская;Алиса;Евгеньевна;Куба;1995-09-07;955
Згерская;Жанна;Эдуардовна;Бразилия;1983-06-30;541
Тягочева;Евгения;Михайловна;Вьетнам;1983-08-12;622
Горзенков;Альберт;Валериевич;Эсватини;1973-02-05;925
Супонев;Аркадий;Юрьевич;Пакистан;1985-05-17;785
Масолимова;Анна;Аркадьевна;Антигуа и Барбуда;1979-08-18;106
Главацкий;Кирилл;Денисович;Бруней;1993-04-04;17
Хавкунов;Георгий;Андреевич;Эфиопия;1992-04-26;598
Сланкова;Вероника;Борисовна;Чехия;1989-04-19;43
Сеянинова;Раиса;Олеговна;Колумбия;1977-08-25;102
Шишловская;Надежда;Яковлевна;Гамбия;1977-07-24;683
Батыжев;Степан;Сергеевич;Мадагаскар;1972-05-20;300
Любкина;Алена;Богдановна;Португалия;1977-06-01;661
Подлегаев;Федор;Борисович;Коморы;1997-04-21;887
Слуева;Елизавета;Михайловна;Индия;1999-04-06;731
Тапрова;Елизавета;Михайловна;Чехия;1981-07-26;351
Кацовский;Николай;Борисович;Туркмения;1983-04-04;619
Зузленкова;Александра;Валерьевна;Барбадос;1994-03-07;474
Шавергина;Валерия;Василевна;Камбоджа;1981-04-25;22
Хромышкина;Анна;Николаевна;Гватемала;1987-04-23;136
Салаутин;Алексей;Денисович;Белиз;1998-01-13;291
Карзанов;Федор;Фёдорович;Боливия;1996-04-10;36
Ванисов;Григорий;Юриевич;Украина;1978-07-12;812
Сельников;Борис;Денисович;Восточный Тимор;1976-09-08;586
Шагавитов;Георгий;Алексеевич;Монголия;1977-02-02;982
Аймаранов;Владислав;Адамович;Республика Корея;1985-10-02;624
Патрахова;Людмила;Олеговна;Гренада;1994-01-04;647
Свипухова;Галина;Эдуардовна;Самоа;1989-05-25;800
Панфутова;Мария;Василевна;Палау;1973-08-28;906
Ларгин;Владислав;Евгеньевич;Сейшельские Острова;1989-05-07;17
Палишева;Юлия;Петровна;Уганда;1994-05-08;987
Евстрапов;Геннадий;Игоревич;Оман;1979-09-16;971
Шаинский;Георгий;Василиевич;Кувейт;1991-12-27;641
Мокичева;Карина;Леонидовна;Папуа;1986-07-16;526
Саввашеева;Виктория;Эдуардовна;Гватемала;1978-06-08;258
Майкенева;Тамара;Дмитриевна;Таиланд;1974-04-06;324
Шерсткова;Алена;Сергеевна;Сьерра-Леоне;1985-11-29;219
Арусланова;Ксения;Ивановна;Маршалловы Острова;1976-01-17;783
Весенский;Павел;Алексиевич;Бенин;1987-12-23;384
Тарщикова;Евгения;Ивановна;Сирия;1989-09-22;65
Стазаева;Евгения;Леонидовна;Эритрея;1987-10-06;7
Кнорозова;Инна;Максимовна;Австрия;1990-08-01;475
Армягова;Алиса;Игоревна;Албания;1972-07-28;57
Пшонин;Юрий;Кириллович;Гаити;1993-09-03;987
Гладских;Василий;Юрьевич;Маврикий;1987-05-19;324
Лузгин;Вадим;Борисович;Иордания;1976-07-09;113
Матешова;Карина;Богдановна;Сан-Марино;1978-03-12;364
Соловьнева;Карина;Валерьевна;Болгария;1982-12-08;115
Гардюшин;Валерий;Алексиевич;Чад;1998-04-30;31
Ширлева;Оксана;Яковлевна;Кот-д’Ивуар;1999-05-25;594
Варлакин;Степан;Яковлевич;Демократическая Республика Конго;1978-05-31;132
Шемшурина;Екатерина;Яковлевна;Гамбия;1980-09-14;696
Лукшина;Валентина;Егоровна;Австралия;1994-04-12;702
Баюкова;Екатерина;Петровна;Федеративные Штаты Микронезии;1978-03-04;892
Земских;Константин;Данилович;Дания;1974-03-25;78
Джулинская;Валентина;Яковлевна;Северная Македония;1981-10-08;463
Жмакин;Юрий;Сергеевич;Антигуа и Барбуда;1989-11-20;938
Увачев;Анатолий;Юрьевич;Самоа;1996-09-16;575
Брунов;Максим;Кириллович;Тонга;1992-12-23;935
Кужненков;Виталий;Кириллович;Эфиопия;1974-07-23;833
Матвейцева;Кристина;Дмитриевна;Руанда;1972-07-10;854
Худашева;Наталия;Максимовна;Тринидад и Тобаго;1981-06-04;50
Склакин;Александр;Георгиевич;Судан;1973-01-20;964
Светкина;Елизавета;Андреевна;Бахрейн;1990-05-25;641
Безнусов;Владимир;Яковлевич;Мозамбик;1976-08-11;489
Колустова;Полина;Евгеньевна;Мальта;1988-12-06;227
Козыкина;Алёна;Яковлевна;Суринам;1975-08-17;292
Хасаинова;Елена;Василевна;Лесото;1983-03-07;506
Боломнов;Максим;Петрович;Пакистан;1984-03-20;812
Чудин;Денис;Вадимович;Аргентина;1973-12-13;555
Пряникова;Жанна;Вадимовна;Словения;1998-11-02;481
Зубехин;Константин;Кириллович;Польша;1997-07-01;390
Кузейкина;Наталья;Ивановна;Кипр;1984-08-13;718
Гриделева;Клара;Викторовна;Камерун;1995-03-04;905
Незадорина;Яна;Федоровна;Турция;1991-12-08;538
Никонаева;Алина;Олеговна;Шри-Ланка;1980-11-06;714
Аладачева;Ирина;Леонидовна;Ямайка;1995-12-28;316
Болованов;Вячеслав;Викторович;Киргизия;1996-09-06;879
Башкиров;Максим;Фёдорович;Лаос;1972-05-02;352
Абасова;Любовь;Богдановна;Фиджи;1998-04-13;652
Ремизников;Георгий;Викторович;Литва;1981-12-12;425
Левыкин;Борис;Андреевич;Соломоновы Острова;1976-05-07;732
Евдина;Лиза;Богдановна;Камбоджа;1998-07-09;21
Ахапова;Валерия;Игоревна;Панама;1986-03-04;256
Детенкова;Клавдия;Николаевна;Ангола;1995-10-28;487
Пруцына;Вера;Валерьевна;Чили;1997-05-11;455
Саляев;Юрий;Фёдорович;Сенегал;1987-03-13;67
Брединин;Яков;Фёдорович;Алжир;1986-06-02;189
Нерекова;Анастасия;Евгеньевна;Республика Корея;1993-05-09;83
Киньшакова;Яна;Викторовна;Сан-Марино;1981-03-31;229
Чучкаева;Валерия;Андреевна;Швейцария;1992-11-10;325
Шипилин;Андрей;Михаилович;Лесото;1981-10-23;857
Квасницкая;Алёна;Вадимовна;Германия;1978-11-20;607
Хелмицкая;Ева;Эдуардовна;Дания;1998-06-26;309
Ренкова;Лиза;Яковлевна;Руанда;1975-02-28;724
Буржинский;Валерий;Олегович;Багамские Острова;1979-04-04;633
Кушевская;Анастасия;Игоревна;Эквадор;1990-02-28;420
Буртолинов;Иван;Тимофеевич;Республика Корея;1987-03-10;856
Цыбаков;Валерий;Алексеевич;Япония;1990-09-23;545
Изберский;Геннадий;Максимович;Босния и Герцеговина;1978-04-16;683
Пешевина;Ольга;Викторовна;Ангола;1981-02-07;426
Канонский;Кирилл;Викторович;Туркмения;1991-02-21;295
Колодочкин;Константин;Петрович;Индонезия;1998-04-11;748
Харюкова;Клара;Викторовна;Ирак;1975-08-08;211
Спенский;Никита;Романович;Финляндия;1986-02-25;140
Метеберова;Раиса;Михайловна;Багамские Острова;1987-02-27;472
Лемехина;Вера;Романовна;Исландия;1988-04-12;68
Алушина;Валентина;Богдановна;Джибути;1992-03-18;280
Мяготин;Геннадий;Иванович;Сан-Марино;1972-04-17;537
Цвиров;Юрий;Борисович;Бразилия;1983-05-19;369
Алексанин;Константин;Евгеньевич;Маврикий;1974-02-14;161
Манкин;Николай;Антонович;Греция;1992-03-23;470
Юбочникова;Тамара;Эдуардовна;Судан;1981-01-11;730
Зазаев;Артур;Петрович;Лесото;1996-01-21;778
Накашкина;Галина;Викторовна;Бруней;1998-10-15;82
Ликсанова;Мария;Аркадьевна;Северная Македония;1984-04-11;240
Абизов;Альберт;Олегович;Гайана;1977-10-26;268
Сайдина;Ева;Аркадьевна;Египет;1986-05-20;790
Пантуев;Иван;Леонидович;Бруней;1997-03-29;875
Тгоменцева;Елизавета;Леонидовна;Уганда;1974-12-17;525
Гавряшин;Станислав;Алексеевич;Таиланд;1981-11-15;113
Мекебеков;Олег;Максимович;Таиланд;1991-02-25;370
Чивикова;Полина;Игоревна;Центральноафриканская Республика;1976-03-30;122
Ваванина;Галина;Олеговна;Португалия;1983-02-04;282
Жургина;Дарья;Ивановна;Шри-Ланка;1994-01-10;491
Покрошкина;Алла;Сергеевна;Эстония;1980-08-29;279
Избойников;Илья;Яковлевич;Ирак;1993-12-03;565
Пунькова;Яна;Кирилловна;Маврикий;1985-05-05;176
Турдакина;Зинаида;Игоревна;Сальвадор;1998-09-11;955
Тиличеева;Маргарита;Борисовна;Гренада;1977-07-21;998
Визгунова;Виктория;Василевна;Эквадор;1993-04-30;196
Чекрыгов;Павел;Адамович;Никарагуа;1981-08-02;335
Боярских;Екатерина;Игоревна;Бруней;1992-11-28;767
Гнедкина;Алёна;Ивановна;Центральноафриканская Республика;1988-07-14;340
Миглин;Григорий;Юриевич;Бангладеш;1975-07-29;921
Борзиков;Олег;Алексиевич;Сент-Китс и Невис;1983-10-26;782
Грехунова;Алиса;Леонидовна;Федеративные Штаты Микронезии;1985-03-14;940
Родимкина;Ирина;Максимовна;Папуа;1989-05-08;600
Раздуева;Александра;Яковлевна;Филиппины;1986-01-07;389
Фрадкина;Алла;Викторовна;Чили;1973-07-24;438
Инокоров;Герасим;Леонидович;Швеция;1992-04-11;795
Согрина;София;Эдуардовна;Япония;1986-01-28;274
Балескина;Ксения;Валерьевна;Туркмения;1984-02-13;845
Гугнявых;Евгений;Тимофеевич;Нидерланды;1980-11-25;104
Кулюгин;Дмитрий;Игоревич;Никарагуа;1984-05-02;501
Дранков;Эдуард;Евгеньевич;Израиль;1982-07-24;964
Болескина;Наталия;Викторовна;Южный Судан;1984-07-06;33
Немидов;Виктор;Олегович;Иордания;1977-11-11;962
Благодеров;Василий;Романович;Сент-Люсия;1985-06-21;985
Пуева;Наталия;Леонидовна;Доминика;1981-12-28;39
Зеренинов;Александр;Тимофеевич;Гамбия;1994-10-21;75
Коннуников;Анатолий;Юрьевич;Замбия;1991-06-20;431
Варлыгина;Софья;Кирилловна;Казахстан;1984-02-02;210
Стройкова;Анастасия;Аркадьевна;Молдавия;1975-09-09;759
Илюсина;Любовь;Валерьевна;Черногория;1976-06-20;148
Дудзинская;София;Никитична;Республика Конго;1983-07-16;667
Маршина;Алла;Романовна;Монголия;1978-01-05;533
Андреюшкин;Евгений;Адамович;Исландия;1973-10-10;138
Лишишина;Лиза;Эдуардовна;Бангладеш;1972-08-05;598
Сочинский;Аркадий;Кириллович;Монако;1980-01-06;219
Махмутов;Федор;Петрович;Панама;1980-01-17;437
Сидорушина;Тамара;Максимовна;Киргизия;1996-10-29;91
Будранова;Клара;Евгеньевна;Лихтенштейн;1986-06-30;264
Турочкина;Лиза;Петровна;Босния и Герцеговина;1985-08-26;54
Соева;Кира;Валерьевна;Дания;1981-04-28;217
Гоптююрев;Альберт;Максимович;Намибия;1976-07-28;635
Шнырова;Галина;Яковлевна;Лихтенштейн;1980-12-04;816
Губяткина;Екатерина;Аркадьевна;ЮАР;1978-05-10;271
Чилиндин;Александр;Олегович;Северная Македония;1990-12-23;87
Замолоцкий;Степан;Петрович;Чили;1984-02-13;84
Глинкова;Раиса;Алексеевна;Эквадор;1992-02-18;26
Краснохина;Клавдия;Сергеевна;Эфиопия;1991-12-24;198
Маловецкая;Анастасия;Яковлевна;Вьетнам;1986-04-07;581
Адельшин;Альберт;Юриевич;Пакистан;1992-12-23;767
Гобова;Анна;Яковлевна;Мьянма;1986-07-20;111
Плетенкин;Максим;Фёдорович;Лаос;1985-07-24;90
Зузыкина;Евгения;Алексеевна;Бразилия;1998-09-13;173
Морокина;Катерина;Эдуардовна;Ботсвана;1987-11-19;129
Шаркина;Марина;Эдуардовна;Уругвай;1993-11-22;728
Чернякова;Лиза;Игоревна;Нигерия;1989-05-15;506
Сологубов;Никита;Фёдорович;Чехия;1998-02-14;913
Хамешина;Наталья;Федоровна;Израиль;1990-04-21;692
Капорулин;Константин;Вадимович;Кабо-Верде;1972-08-18;806
Ширкова;Людмила;Евгеньевна;Коморы;1977-07-15;231
Жидких;Юлия;Борисовна;Чехия;1994-01-16;443
Засопина;Светлана;Кирилловна;Австралия;1998-02-14;1000
Дурсанова;Полина;Егоровна;Палау;1984-08-25;680
Благодатов;Дмитрий;Аркадиевич;Багамские Острова;1994-01-27;80
Пунышев;Герасим;Игоревич;Ирландия;1996-09-23;235
Гуревская;Клавдия;Федоровна;Болгария;1986-09-12;294
Макров;Геннадий;Аркадиевич;Украина;1988-07-05;376
Бодячина;Яна;Василевна;Румыния;1993-08-28;583
Зможин;Антон;Викторович;Алжир;1973-09-25;927
Гваркина;Полина;Сергеевна;Федеративные Штаты Микронезии;1988-03-29;353
Гульняшкин;Николай;Максимович;Фиджи;1997-03-22;421
Умылин;Аркадий;Сергеевич;Либерия;1973-01-30;174
Зетилов;Юрий;Михаилович;Черногория;1989-05-20;731
Пухомелин;Вячеслав;Юриевич;Сан-Марино;1984-12-24;535
Ловчиков;Василий;Максимович;Катар;1981-06-19;550
Поняшкина;Мария;Егоровна;Канада;1991-01-12;409
Васючкова;Анастасия;Никитична;Коморы;1993-12-09;37
Смуренкова;Виктория;Олеговна;Боливия;1973-10-24;684
Переносова;Полина;Романовна;Бутан;1991-08-22;221
Шемелев;Анатолий;Виталиевич;Финляндия;1973-10-07;21
Подточин;Михаил;Фёдорович;Гондурас;1994-12-26;347
Горбачов;Дмитрий;Денисович;Великобритания;1995-05-22;638
Гаринская;Наталья;Дмитриевна;Китай;1977-08-04;154
Копцева;Вера;Василевна;Колумбия;1992-03-27;15
Бикмурзина;Тамара;Валерьевна;Вануату;1972-01-13;610
Кукленкова;Надежда;Петровна;Новая Зеландия;1993-06-19;666
Елесичев;Олег;Викторович;Йемен;1991-06-27;643
Средникова;София;Игоревна;Египет;1983-11-12;842
Полозников;Пётр;Алексиевич;Мавритания;1997-01-25;811
Киремшин;Артур;Вадимович;Вануату;1974-08-24;886
Хусейнов;Григорий;Викторович;Джибути;1999-07-22;557
Сувениров;Евгений;Виталиевич;Замбия;1989-11-01;960
Вантовский;Виталий;Евгеньевич;Непал;1978-12-12;52
Кокотеев;Эдуард;Вадимович;Чад;1981-06-21;757
Борнычев;Степан;Фёдорович;Гренада;1992-04-14;144
Марьюшин;Алексей;Фёдорович;Камерун;1999-03-18;17
Богажирев;Тарас;Юриевич;Гаити;1999-10-06;680
Рощапина;Валентина;Ивановна;Ирландия;1986-09-13;567
Лебекова;Дарья;Эдуардовна;Восточный Тимор;1978-12-14;58
Акатнова;Полина;Эдуардовна;Литва;1998-11-06;330
Ризанов;Игорь;Леонидович;Саудовская Аравия;1995-10-13;589
Тарелов;Владислав;Романович;Эсватини;1983-04-15;868
Оковалков;Пётр;Яковлевич;Сан-Томе и Принсипи;1976-01-14;125
Эстулина;Клара;Никитична;Уругвай;1987-03-28;593
Ряброва;Светлана;Игоревна;Эстония;1977-07-02;875
Федарцова;Елена;Леонидовна;Гаити;1973-08-28;471
Сарыгина;Галина;Игоревна;Камбоджа;1983-03-27;331
Паршенцова;Клара;Петровна;Нидерланды;1988-02-18;711
Тагаевский;Михаил;Данилович;Непал;1985-12-03;439
Косагаева;Галина;Аркадьевна;Тонга;1985-11-05;85
Нарскова;Ева;Романовна;Эсватини;1987-07-01;25
Трабецкая;Полина;Максимовна;Сент-Винсент и Гренадины;1987-08-13;391
Ладонина;Жанна;Вадимовна;Индия;1979-06-21;852
Квочина;Анна;Максимовна;Чили;1991-08-05;534
Малюсова;Мария;Федоровна;Кот-д’Ивуар;1995-08-07;109
Макситов;Валерий;Петрович;Таиланд;1985-05-29;318
Букоемский;Виктор;Василиевич;Россия;1996-08-05;681
Авшарова;Виктория;Петровна;Гвинея-Бисау;1993-06-03;847
Непомнящих;Михаил;Алексиевич;Фиджи;1983-03-12;395
Луцовская;Лариса;Борисовна;Сент-Китс и Невис;1973-06-16;600
Манаскина;Виктория;Борисовна;Непал;1982-12-16;454
Кобицев;Николай;Викторович;Малайзия;1994-12-17;946
Сингурина;Раиса;Андреевна;Коморы;1975-05-06;605
Сянукова;Любовь;Леонидовна;Сан-Марино;1988-01-01;872
Кафтарев;Валентин;Борисович;Республика Конго;1999-07-18;58
Кошельская;Наталья;Никитична;Сингапур;1986-08-10;178
Мезерецкая;Елизавета;Борисовна;Белиз;1988-12-19;577
Черегенов;Юрий;Виталиевич;Бразилия;1993-12-23;32
Крашанова;Алина;Эдуардовна;Непал;1988-03-08;106
Полысаев;Тарас;Виталиевич;Мадагаскар;1987-12-09;579
Хуртилов;Александр;Виталиевич;Панама;1981-10-24;325
Базарин;Герасим;Сергеевич;Ботсвана;1973-09-28;433
Шумейкин;Антон;Игоревич;Мьянма;1993-08-28;497
Нашкин;Яков;Павлович;Багамские Острова;1998-12-13;639
Кимрова;Любовь;Никитична;Словакия;1975-07-16;787
Арюсев;Алексей;Леонидович;Боливия;1980-02-22;84
Теорин;Валентин;Аркадиевич;Австралия;1977-05-31;821
Щангин;Вадим;Василиевич;Эфиопия;1998-03-24;623
Зюнев;Альберт;Сергеевич;Восточный Тимор;1989-04-15;12
Киндюшина;Софья;Викторовна;Доминика;1989-12-30;46
Амемошкина;Светлана;Андреевна;Швейцария;1977-05-13;187
Поздячкина;Карина;Борисовна;Папуа;1997-08-04;75
Пругункова;Вероника;Эдуардовна;Йемен;1986-10-08;337
Тарарушкин;Олег;Виталиевич;Иордания;1994-04-02;548
Шаткин;Эдуард;Евгеньевич;Руанда;1975-04-10;170
Булочов;Яков;Антонович;Белоруссия;1993-05-17;660
Брятов;Валентин;Антонович;Сент-Винсент и Гренадины;1982-10-19;937
Жалейкин;Владимир;Романович;Сенегал;1993-07-24;831
Бохарев;Григорий;Борисович;Республика Корея;1975-11-08;708
Силочкин;Денис;Аркадиевич;Сьерра-Леоне;1999-05-18;709
Шарфутов;Семён;Валериевич;Люксембург;1978-10-10;904
Учваткина;Елизавета;Вадимовна;Тунис;1976-12-28;905
Пухомелина;Марина;Максимовна;Барбадос;1999-01-10;197
Фурсина;Кира;Петровна;Бруней;1991-01-18;91
Гамзеев;Игорь;Юрьевич;Пакистан;1976-06-14;983
Огибайлова;Раиса;Федоровна;Доминиканская Республика;1988-06-25;637
Кондрычина;Светлана;Никитична;Израиль;1975-11-05;756
Созонтов;Семён;Максимович;Канада;1978-10-06;7
Каленцова;Александра;Дмитриевна;Саудовская Аравия;1982-02-21;668
Данкин;Артём;Романович;Израиль;1990-10-30;143
Кокрышева;Анастасия;Леонидовна;Мали;1981-08-25;180
Трубецкий;Роман;Данилович;Алжир;1991-09-27;238
Евдонов;Максим;Данилович;Уганда;1990-10-01;26
Мисюреева;Наталия;Дмитриевна;Гамбия;1990-10-11;845
Люсев;Максим;Борисович;Мадагаскар;1985-01-09;658
Ялимова;Алиса;Сергеевна;Кувейт;1980-09-28;151
Мнацаканов;Станислав;Кириллович;Саудовская Аравия;1995-07-20;790
Парунин;Павел;Олегович;Тринидад и Тобаго;1979-10-28;370
Минишев;Владимир;Виталиевич;Сан-Томе и Принсипи;1998-03-13;341
Щепилова;Анна;Сергеевна;Лихтенштейн;1985-03-25;467
Петанин;Геннадий;Данилович;Бенин;1981-07-19;953
Пенченкова;Клавдия;Валерьевна;Демократическая Республика Конго;1981-11-08;810
Арженов;Григорий;Кириллович;Гаити;1980-11-26;845
Камзалкина;Валентина;Викторовна;Сент-Китс и Невис;1978-07-13;423
Шалаевский;Василий;Иванович;Бразилия;1984-02-04;786
Ранцев;Олег;Юриевич;Монголия;1989-04-30;998
Пальманов;Леонид;Юриевич;Монголия;1996-08-08;304
Бельдянов;Аркадий;Олегович;Суринам;1996-05-08;45
Хлеманова;Елизавета;Эдуардовна;Либерия;1998-10-11;175
Харпанова;Клара;Борисовна;Болгария;1975-07-08;735
Догина;Алёна;Викторовна;Гайана;1993-05-01;213
Лакинкова;Лиза;Богдановна;Норвегия;1975-06-23;239
Ирошкина;Елизавета;Алексеевна;Сейшельские Острова;1981-06-09;508
Мажурова;Раиса;Богдановна;Кабо-Верде;1982-02-10;424
Растимешин;Владислав;Яковлевич;Замбия;1999-05-31;918
Козюкина;Маргарита;Кирилловна;Гамбия;1998-08-31;993
Лазухина;Вера;Ивановна;Антигуа и Барбуда;1992-09-06;220
Подмарков;Анатолий;Юриевич;Хорватия;1974-12-19;447
Шишков;Семён;Кириллович;Ангола;1992-12-07;400
Явелов;Борис;Борисович;Филиппины;1978-07-09;655
Лилявин;Игорь;Максимович;Болгария;1993-04-15;60
Лилеева;Жанна;Дмитриевна;Судан;1981-10-03;160
Шарычева;Катерина;Евгеньевна;Буркина-Фасо;1995-02-14;211
Голицков;Владислав;Евгеньевич;Маршалловы Острова;1974-05-05;745
Коначев;Аркадий;Антонович;Сан-Марино;1990-12-10;722
Переслегин;Пётр;Юриевич;Колумбия;1978-06-21;971
Тресикова;Анна;Алексеевна;Босния и Герцеговина;1998-11-13;668
Лисевицкая;Алла;Леонидовна;Палау;1992-05-16;895
Тевушева;Светлана;Петровна;Сьерра-Леоне;1987-07-14;597
Чучуров;Валентин;Николаевич;Греция;1985-02-27;775
Торицын;Максим;Викторович;Вануату;1973-08-25;59
Лукошкова;Алена;Богдановна;Мьянма;1994-10-16;554
Столенкова;Кира;Никитична;Армения;1983-03-02;542
Барликова;Александра;Василевна;Польша;1999-01-21;603
Суспицина;Яна;Борисовна;Федеративные Штаты Микронезии;1976-12-20;270
Жалобова;Светлана;Ивановна;Ливан;1991-07-07;505
Пинчурова;Кристина;Никитична;Намибия;1985-05-06;820
Декунова;Любовь;Борисовна;Гренада;1982-02-27;65
Шендарев;Пётр;Юриевич;Марокко;1991-10-11;694
Шителева;Катерина;Дмитриевна;Кирибати;1976-04-23;32
Семенищев;Денис;Виталиевич;Грузия;1973-08-07;54
Фомченкова;Оксана;Яковлевна;Хорватия;1980-01-13;178
Точилкин;Константин;Денисович;Грузия;1984-10-12;380
Мертешев;Владислав;Валериевич;Ирландия;1982-08-06;839
Гуляев;Степан;Леонидович;Фиджи;1980-08-20;126
Локина;Алена;Кирилловна;Парагвай;1979-12-08;616
Пинчурова;Маргарита;Эдуардовна;Нигерия;1974-12-09;61
Кипрюшина;Катерина;Евгеньевна;Сан-Марино;1991-06-02;828
Катыгина;Александра;Богдановна;Аргентина;1980-05-30;278
Цирушкина;Кира;Егоровна;Гватемала;1981-10-02;618
Лабзин;Константин;Аркадиевич;Панама;1995-05-09;44
Лабенская;Катерина;Эдуардовна;Мальта;1973-01-30;831
Могорцова;Полина;Богдановна;Камерун;1988-05-13;204
Калежанов;Леонид;Тимофеевич;Португалия;1977-06-30;328
Ритаева;Анастасия;Яковлевна;Малави;1990-11-25;632
Изенков;Артур;Василиевич;Багамские Острова;1975-07-26;622
Сороковов;Евгений;Аркадиевич;Белиз;1982-04-20;622
Энгеватов;Ярослав;Олегович;Колумбия;1979-06-26;209
Барбашин;Яков;Михаилович;Судан;1995-04-14;515
Щепиков;Владислав;Евгеньевич;Малайзия;1994-09-14;277
Беюшицкая;Екатерина;Эдуардовна;Люксембург;1991-11-23;242
Ляляев;Виктор;Юриевич;Багамские Острова;1991-08-16;262
Лупежова;Марина;Федоровна;Колумбия;1976-03-01;871
Ащанова;Екатерина;Кирилловна;Самоа;1983-03-08;593
Срединский;Альберт;Тимофеевич;Лесото;1980-08-31;790
Батравин;Тарас;Алексеевич;Бангладеш;1998-10-25;251
Ахмедова;Наталья;Федоровна;Швеция;1986-11-07;254
Бинов;Валентин;Яковлевич;Белиз;1983-05-03;342
Садыжанова;Оксана;Олеговна;Сент-Китс и Невис;1987-02-15;436
Ольшаников;Владимир;Андреевич;Науру;1992-06-23;688
Пинюгин;Евгений;Валериевич;Гана;1984-08-08;433
Припадчев;Константин;Яковлевич;Демократическая Республика Конго;1976-05-31;183
Раев;Валерий;Евгеньевич;Филиппины;1973-12-14;895
Болвинова;Дарья;Леонидовна;Гаити;1984-07-10;488
Тихоньких;Федор;Олегович;Федеративные Штаты Микронезии;1973-02-23;997
Поленышева;Ева;Федоровна;Сальвадор;1979-07-07;475
Седалищева;Ева;Василевна;Израиль;1991-09-01;818
Свепохова;Кира;Аркадьевна;Вьетнам;1990-03-02;909
Кугаевская;Софья;Федоровна;Самоа;1989-01-01;850
Баранецкий;Виктор;Денисович;Дания;1985-07-02;948
Айдюханова;Наталия;Сергеевна;Гамбия;1990-12-08;325
Слонимский;Руслан;Евгеньевич;Иордания;1981-10-31;102
Гаибов;Андрей;Андреевич;Суринам;1982-05-21;393
Шардаков;Дмитрий;Борисович;Бурунди;1986-05-04;648
Бутслова;Людмила;Федоровна;Уругвай;1983-07-17;97
Канкасов;Руслан;Николаевич;Болгария;1993-04-26;867
Волохонов;Степан;Кириллович;Вануату;1974-07-30;455
Шахнарова;Ольга;Игоревна;Антигуа и Барбуда;1983-02-05;274
Михонов;Геннадий;Адамович;Нигер;1986-11-19;960
Оковалкова;Наталия;Евгеньевна;Франция;1977-10-14;310
Данских;Константин;Яковлевич;Эквадор;1996-08-06;771
Мнев;Роман;Кириллович;Албания;1976-01-26;636
Лапуцкая;Любовь;Олеговна;Нигерия;1997-03-25;976
Муляев;Альберт;Евгеньевич;Багамские Острова;1989-04-12;588
Клявин;Иван;Вадимович;Фиджи;1978-05-16;864
Левшакова;Елизавета;Ивановна;Нигер;1979-10-24;822
Воздухов;Павел;Денисович;Ямайка;1978-09-03;374
Поползухин;Андрей;Аркадиевич;Гаити;1983-08-26;108
Родищева;Ирина;Эдуардовна;Малави;1993-10-29;867
Вороникова;Евгения;Дмитриевна;Сент-Китс и Невис;1990-12-03;918
Бресская;Евгения;Яковлевна;Кирибати;1982-03-27;702
Валадова;Жанна;Вадимовна;Эритрея;1990-11-09;408
Нагучев;Виктор;Яковлевич;Австрия;1999-05-26;452
Брагинов;Александр;Юрьевич;Эритрея;1977-11-29;526
Антропцев;Альберт;Олегович;Республика Конго;1995-02-05;91
Ляленкова;Софья;Михайловна;Азербайджан;1994-03-20;425
Труснов;Михаил;Романович;Россия;1980-06-26;200
Гаринская;Алёна;Евгеньевна;Португалия;1985-08-22;487
Болдышева;Тамара;Романовна;Гвинея;1974-09-02;816
Ханьков;Артём;Антонович;Канада;1974-10-30;581
Изерская;Валентина;Леонидовна;Словакия;1994-10-30;864
Фитилев;Алексей;Борисович;Кирибати;1983-05-18;747
Кижанкин;Кирилл;Георгиевич;Сьерра-Леоне;1973-08-01;178
Бутков;Яков;Фёдорович;Швеция;1975-11-06;587
Семиокина;Вера;Леонидовна;Багамские Острова;1990-12-02;898
Котенев;Эдуард;Вадимович;Индия;1976-12-22;507
Костулин;Игорь;Яковлевич;Демократическая Республика Конго;1993-12-13;714
Шамякин;Никита;Данилович;Мексика;1999-07-20;293
Ветрина;Любовь;Игоревна;Гана;1978-01-06;931
Пороцкий;Вадим;Иванович;Гайана;1988-11-02;501
Кочакова;Наталья;Андреевна;Барбадос;1972-10-19;868
Гостилин;Илья;Фёдорович;Уругвай;1973-09-12;182
Крикорова;Ева;Федоровна;Суринам;1976-05-10;417
Сельская;Любовь;Вадимовна;Габон;1989-08-08;844
Высотин;Григорий;Антонович;Египет;1991-10-16;445
Кочикин;Геннадий;Евгеньевич;Того;1987-09-30;782
Зорихина;Лариса;Петровна;Доминика;1983-08-06;877
Гашаева;Валерия;Романовна;ЮАР;1985-09-24;622
Ниязбаева;Людмила;Андреевна;Сейшельские Острова;1981-04-27;562
Мозалев;Леонид;Сергеевич;Самоа;1992-08-11;33
Сировский;Альберт;Георгиевич;ЮАР;1972-06-06;893
Жуклина;Наталия;Ивановна;Зимбабве;1992-01-02;550
Зеверова;Ева;Олеговна;Республика Корея;1978-10-01;988
Тунева;Анна;Олеговна;Кирибати;1984-08-24;216
Курганова;Алла;Игоревна;Тонга;1975-07-10;40
Неонилина;Алена;Валерьевна;Барбадос;1977-07-01;194
Никуева;Катерина;Валерьевна;Суринам;1994-12-06;11
Збыковская;Ольга;Федоровна;КНДР;1989-03-12;593
Дорожин;Никита;Фёдорович;Босния и Герцеговина;1979-09-11;612
Пролеткина;Светлана;Василевна;Гренада;1991-04-27;865
Расстричин;Степан;Виталиевич;Россия;1992-04-27;838
Белихина;Кира;Вадимовна;Мальдивы;1979-01-10;862
Грущинский;Яков;Олегович;Мали;1990-03-14;202
Шеров;Иван;Валериевич;Соломоновы Острова;1983-10-09;567
Мартышев;Руслан;Тимофеевич;Бенин;1992-02-14;372
Скорлупин;Роман;Олегович;Люксембург;1998-08-30;56
Туроносова;Алина;Вадимовна;Габон;1978-10-16;711
Потелова;Екатерина;Кирилловна;КНДР;1980-02-21;107
Гуцкин;Семён;Петрович;Россия;1986-05-02;464
Фасеева;Тамара;Олеговна;Науру;1981-04-28;220
Чичаков;Виктор;Петрович;Зимбабве;1996-08-12;52
Шканакин;Федор;Петрович;Кувейт;1982-02-15;121
Богунова;Алиса;Алексеевна;Бельгия;1982-01-19;668
Потерухина;Ксения;Эдуардовна;США;1974-05-31;966
Персева;Евгения;Викторовна;Турция;1983-06-12;966
Гайказова;Ксения;Богдановна;Кипр;1976-04-11;263
Слипакова;Ева;Викторовна;Доминика;1983-10-10;915
Диевский;Антон;Валериевич;Канада;1976-01-02;740
Милушев;Федор;Вадимович;Сан-Марино;1972-01-19;353
Пагиев;Денис;Аркадиевич;Ливия;1979-05-01;420
Защипин;Олег;Георгиевич;Ангола;1996-05-30;916
Плакидин;Игорь;Иванович;Намибия;1989-07-10;977
Тренкунова;Виктория;Никитична;Уругвай;1978-01-15;672
Рантанин;Станислав;Борисович;Суринам;1994-06-27;25
Павелицына;Любовь;Егоровна;ЮАР;1975-02-07;366
Велина;Жанна;Борисовна;Никарагуа;1999-09-15;563
Шавиков;Альберт;Юрьевич;Эсватини;1974-12-11;974
Ушатинская;Мария;Михайловна;Гвинея;1976-07-17;368
Слободский;Эдуард;Виталиевич;Джибути;1975-08-26;873
Сливков;Денис;Аркадиевич;Сенегал;1990-05-12;724
Антонычев;Ярослав;Игоревич;Колумбия;1987-09-18;312
Коппалова;Вероника;Богдановна;Бангладеш;1987-08-12;932
Чигинова;Тамара;Игоревна;Кот-д’Ивуар;1998-07-27;174
Гитинова;Зинаида;Евгеньевна;Саудовская Аравия;1991-01-20;800
Бояранцев;Артём;Сергеевич;Тувалу;1988-12-05;390
Смольяков;Виталий;Иванович;Ирландия;1976-05-22;666
Галованов;Илья;Николаевич;Центральноафриканская Республика;1986-10-10;291
Миков;Кирилл;Денисович;Мали;1977-01-30;911
Блажкина;Надежда;Олеговна;Гайана;1994-05-19;239
Тамохин;Федор;Сергеевич;Антигуа и Барбуда;1984-03-18;230
Шестоперов;Леонид;Кириллович;Люксембург;1992-10-20;360
Зимарькова;Юлия;Богдановна;Намибия;1980-11-20;426
Мизайлов;Федор;Вадимович;Литва;1982-03-25;283
Поживаев;Федор;Кириллович;Португалия;1995-09-08;118
Шумковская;Светлана;Дмитриевна;Лаос;1991-09-07;823
Ялфимов;Федор;Адамович;Коморы;1979-09-22;991
Рубанцев;Михаил;Аркадиевич;Бразилия;1993-07-13;140
Адеева;Алена;Богдановна;Панама;1994-04-21;631
Тургин;Анатолий;Игоревич;Антигуа и Барбуда;1996-07-12;947
Искуснов;Илья;Алексиевич;Монако;1982-12-07;400
Голанов;Андрей;Романович;Экваториальная Гвинея;1995-03-16;194
Шаполова;София;Андреевна;Уругвай;1983-08-03;210
Щелочева;Надежда;Сергеевна;Бангладеш;1973-08-15;258
Смышникова;Маргарита;Валерьевна;Индонезия;1993-06-07;438
Бермусова;Зинаида;Аркадьевна;Таджикистан;1982-05-18;219
Кабайкина;Клара;Николаевна;Гондурас;1993-01-27;398
Пикулькин;Иван;Аркадиевич;Сент-Китс и Невис;1988-05-10;909
Котосонов;Эдуард;Георгиевич;Дания;1990-07-22;571
Мардухаева;Жанна;Игоревна;Ирак;1982-11-09;275
Харитинова;Клавдия;Леонидовна;Узбекистан;1988-04-05;470
Незгирев;Андрей;Петрович;КНДР;1983-03-15;183
Границкий;Альберт;Георгиевич;Судан;1990-11-18;172
Алиуллов;Дмитрий;Антонович;Хорватия;1976-01-11;314
Боронихин;Станислав;Андреевич;Туркмения;1995-11-18;945
Чаптыкова;Валентина;Романовна;Ботсвана;1973-03-02;234
Пишенов;Валентин;Валериевич;Непал;1975-10-29;730
Гандина;Тамара;Ивановна;Алжир;1975-03-17;260
Когдин;Игорь;Яковлевич;Швеция;1974-03-09;257
Бучихин;Евгений;Петрович;Доминиканская Республика;1995-11-02;559
Хлебянкин;Олег;Романович;Ливан;1972-02-13;553
Верестов;Игорь;Денисович;Латвия;1988-09-19;137
Лесников;Яков;Фёдорович;Нигерия;1978-11-06;376
Избицкая;Юлия;Евгеньевна;Киргизия;1973-02-06;158
Баринкова;Надежда;Василевна;Армения;1993-08-20;279
Своитин;Семён;Данилович;Сент-Люсия;1997-02-27;129
Микашова;Алиса;Егоровна;ОАЭ;1974-08-11;191
Трясин;Евгений;Евгеньевич;Никарагуа;1998-08-30;941
Парусинов;Андрей;Яковлевич;Аргентина;1981-06-13;737
Тарзиманов;Альберт;Максимович;Чили;1992-07-09;718
Шмондина;Мария;Андреевна;Румыния;1979-09-01;169
Шимичева;Елизавета;Андреевна;Швейцария;1978-11-13;409
Перевязкин;Александр;Николаевич;Новая Зеландия;1981-03-17;591
Иляскина;Карина;Алексеевна;Малайзия;1982-01-14;182
Зубцовский;Вячеслав;Фёдорович;Эсватини;1991-03-13;136
Загрекова;Полина;Николаевна;Италия;1997-11-01;285
Фидурова;Жанна;Борисовна;Новая Зеландия;1981-09-01;915
Хапова;София;Василевна;Сирия;1987-06-13;808
Пузинский;Леонид;Валериевич;Барбадос;1982-03-21;336
Перукова;Ксения;Сергеевна;Латвия;1983-04-28;104
Роимов;Федор;Максимович;Самоа;1996-07-14;802
Топейцын;Максим;Николаевич;Люксембург;1974-07-22;935
Уклюев;Ярослав;Олегович;Молдавия;1982-12-05;724
Дынина;Кристина;Ивановна;Тунис;1977-12-05;647
Думашев;Пётр;Адамович;Кирибати;1995-07-07;59
Хандин;Станислав;Алексеевич;Камбоджа;1972-07-20;482
Калиночкин;Алексей;Юрьевич;Сальвадор;1972-04-28;683
Патаенкова;Анастасия;Ивановна;Эквадор;1980-03-28;886
Берданов;Никита;Юрьевич;Литва;1995-04-07;629
Цыганкин;Владимир;Кириллович;Азербайджан;1984-08-02;158
Салакин;Эдуард;Виталиевич;Хорватия;1975-12-11;955
Атбийкина;Ксения;Богдановна;Бруней;1986-11-10;822
Тардасова;Виолетта;Богдановна;Саудовская Аравия;1976-10-11;56
Репчинкова;София;Ивановна;Армения;1980-08-15;736
Махаров;Никита;Олегович;Соломоновы Острова;1994-08-04;599
Дробанова;Вера;Петровна;Австрия;1981-09-21;292
Костыгов;Дмитрий;Валериевич;Федеративные Штаты Микронезии;1986-02-07;805
Сульменева;Наталия;Федоровна;Кот-д’Ивуар;1976-08-23;236
Трошина;Виолетта;Николаевна;Греция;1994-01-26;140
Супарев;Валерий;Викторович;Бутан;1976-10-28;124
Толпугова;Анна;Алексеевна;Франция;1992-03-22;952
Тереньтьев;Руслан;Адамович;Мадагаскар;1994-08-14;774
Молохин;Павел;Фёдорович;Буркина-Фасо;1993-10-17;381
Бомеева;Полина;Михайловна;Коморы;1986-08-02;940
Сафиуллова;Тамара;Николаевна;Мальта;1975-12-02;850
Слезинова;Анастасия;Эдуардовна;Федеративные Штаты Микронезии;1996-05-29;198
Филигарова;Маргарита;Евгеньевна;Буркина-Фасо;1978-03-16;867
Слышанков;Валентин;Сергеевич;Словения;1994-09-24;915
Масютин;Артём;Андреевич;Соломоновы Острова;1979-10-24;343
Чупырина;Мария;Федоровна;Сингапур;1992-10-21;527
Радулов;Вячеслав;Павлович;Республика Конго;1979-12-20;311
Катинова;Светлана;Борисовна;Кипр;1994-03-11;613
Смурыгов;Геннадий;Алексиевич;Алжир;1975-10-11;222
Сорвачев;Валерий;Тимофеевич;Финляндия;1985-11-02;234
Торилов;Геннадий;Павлович;Австралия;1984-01-06;783
Тушенков;Ярослав;Тимофеевич;Хорватия;1991-07-19;225
Разыщиков;Илья;Иванович;Молдавия;1974-01-05;802
Родзин;Виталий;Алексиевич;Сейшельские Острова;1986-11-27;168
Астоликина;Виолетта;Борисовна;Великобритания;1986-04-16;741
Гарлицкий;Яков;Кириллович;Греция;1974-10-29;635
Дюсекеев;Антон;Сергеевич;Филиппины;1998-05-24;344
Саримов;Юрий;Павлович;Австралия;1973-11-05;137
Кукарина;Валентина;Андреевна;Экваториальная Гвинея;1983-01-12;867
Белюсев;Андрей;Кириллович;Республика Конго;1992-07-05;552
Андреенков;Валерий;Яковлевич;Кувейт;1973-12-07;631
Любицына;Оксана;Аркадьевна;Сейшельские Острова;1997-05-28;966
Чигайнов;Федор;Виталиевич;Сербия;1981-04-27;606
Коклюшкин;Станислав;Валериевич;Сан-Марино;1978-07-07;790
Лининская;Кристина;Федоровна;Молдавия;1973-11-24;181
Курепов;Василий;Данилович;КНДР;1974-12-30;799
Шаблинова;Маргарита;Никитична;Украина;1984-12-20;164
Мервин;Герасим;Петрович;Нидерланды;1991-01-15;885
Цалихина;Любовь;Сергеевна;Сент-Винсент и Гренадины;1972-08-11;416
Горанков;Тарас;Денисович;Румыния;1979-01-10;259
Маклеин;Иван;Борисович;Люксембург;1994-01-09;505
Шуднева;Алиса;Богдановна;Мадагаскар;1977-12-30;762
Авдошин;Денис;Аркадиевич;Доминиканская Республика;1982-08-14;616
Саначина;Раиса;Викторовна;Мальта;1972-01-30;899
Лекасова;Мария;Кирилловна;Либерия;1975-05-13;328
Мурошкин;Герасим;Кириллович;Сенегал;1979-12-29;612
Асюков;Станислав;Игоревич;Тонга;1986-11-13;997
Лустова;Мария;Викторовна;Аргентина;1991-10-29;433
Верткина;Кира;Викторовна;Кипр;1976-09-22;448
Гарамов;Кирилл;Виталиевич;Франция;1976-10-17;43
Гирсанова;Ксения;Викторовна;Нигер;1999-09-14;947
Бершева;Тамара;Олеговна;Швейцария;1974-06-25;753
Ахметшина;Виолетта;Ивановна;Марокко;1972-03-19;565
Чуршукова;Наталия;Романовна;Либерия;1989-11-02;431
Малькин;Герасим;Олегович;Бруней;1998-04-28;322
Худенцова;Маргарита;Николаевна;Сирия;1995-10-22;378
Нестерцев;Герасим;Максимович;Сент-Люсия;1982-02-06;391
Стахорский;Эдуард;Евгеньевич;Панама;1993-02-24;495
Загрубский;Алексей;Вадимович;Мьянма;1992-06-11;724
Тразахина;Зинаида;Кирилловна;Кувейт;1985-08-10;85
Кельманов;Павел;Павлович;Ирландия;1978-04-03;855
Бусаров;Станислав;Вадимович;ЮАР;1986-12-24;887
Целянина;Елизавета;Михайловна;Кот-д’Ивуар;1980-06-15;849
Чурбаков;Ярослав;Юриевич;Зимбабве;1980-09-17;552
Аблакатова;Раиса;Кирилловна;Чад;1974-01-29;246
Варломов;Альберт;Кириллович;Боливия;1977-09-03;907
Киршанков;Леонид;Олегович;Швеция;1974-07-01;415
Пиганова;Зинаида;Вадимовна;Бутан;1976-02-05;677
Ивчакова;Жанна;Евгеньевна;Экваториальная Гвинея;1977-08-26;386
Приданцев;Альберт;Георгиевич;Швейцария;1973-08-12;883
Цунова;Анна;Викторовна;Науру;1976-07-05;742
Сидорцева;Оксана;Егоровна;Джибути;1989-09-15;838
Акамова;Кира;Валерьевна;Литва;1982-07-12;567
Хвастова;Виолетта;Василевна;Центральноафриканская Республика;1989-11-09;380
Зирянова;Оксана;Валерьевна;Катар;1974-04-16;624
Плусов;Виктор;Кириллович;Тонга;1991-11-12;237
Напомкова;Ева;Федоровна;Киргизия;1999-12-06;930
Купряшкин;Георгий;Данилович;Маршалловы Острова;1976-02-15;352
Чучепкова;Вера;Кирилловна;Индонезия;1981-11-09;614
Казаев;Анатолий;Вадимович;Коста-Рика;1975-04-02;283
Кукишева;Александра;Михайловна;Турция;1978-10-07;349
Амукова;Кира;Борисовна;Бутан;1988-06-14;426
Дружинкина;Алла;Олеговна;Россия;1994-08-08;81
Сизинев;Михаил;Алексеевич;Албания;1998-08-18;221
Массарская;Тамара;Игоревна;Сьерра-Леоне;1984-12-25;187
Каркушкин;Игорь;Юрьевич;Мексика;1996-11-10;438
Мурзагулов;Аркадий;Юрьевич;Гвинея-Бисау;1981-11-30;932
Хисямова;Галина;Игоревна;Украина;1975-04-29;810
Илизаров;Виктор;Тимофеевич;Малави;1979-08-24;999
Алексерова;Наталья;Леонидовна;Эстония;1981-09-30;914
Ратанов;Артём;Николаевич;Израиль;1994-03-26;853
Мандрыкин;Тарас;Адамович;Казахстан;1978-01-18;337
Мажов;Руслан;Василиевич;Уганда;1994-05-10;210
Пентегов;Михаил;Петрович;Марокко;1987-03-31;15
Кичунова;Анастасия;Дмитриевна;Того;1972-06-03;301
Пчицкий;Ярослав;Аркадиевич;Уругвай;1973-10-17;789
Филитарина;Лариса;Игоревна;Венгрия;1972-03-27;229
Финасова;Валентина;Егоровна;Сейшельские Острова;1981-02-17;560
Нехин;Дмитрий;Игоревич;Хорватия;1973-08-30;315
Нуякшина;Лиза;Богдановна;Латвия;1988-07-29;98
Изванов;Станислав;Алексиевич;Парагвай;1994-03-26;640
Нарпиенков;Олег;Леонидович;Белиз;1999-08-11;358
Пичкасова;Мария;Игоревна;Суринам;1974-04-13;278
Анишева;Виолетта;Алексеевна;Андорра;1990-06-26;559
Шулепников;Павел;Тимофеевич;Камерун;1998-05-14;788
Пыреков;Николай;Яковлевич;Австрия;1987-09-09;917
Передреева;Виолетта;Борисовна;Эритрея;1972-08-14;609
Смирницких;Мария;Петровна;Перу;1984-11-15;350
Баусин;Илья;Петрович;Бурунди;1999-09-16;971
Анисочкина;Кристина;Михайловна;Люксембург;1985-10-24;91
Виукова;Алина;Олеговна;ОАЭ;1994-09-26;100
Зубалова;Анна;Андреевна;Южный Судан;1995-01-19;703
Шишкапева;Юлия;Богдановна;Палау;1990-10-02;210
Чурилкина;Валентина;Михайловна;Буркина-Фасо;1976-10-26;466
Обезов;Денис;Аркадиевич;Восточный Тимор;1983-01-03;943
Разаманова;Раиса;Егоровна;Австрия;1976-09-28;197
Кокуйкина;Виолетта;Алексеевна;Куба;1977-11-01;695
Вязовцев;Георгий;Алексиевич;Словакия;1988-06-18;530
Сайнахов;Юрий;Виталиевич;Никарагуа;1975-12-10;348
Зачиняева;Галина;Дмитриевна;Тринидад и Тобаго;1990-08-01;479
Гостинцев;Вадим;Денисович;Люксембург;1979-03-30;434
Ханафиева;София;Кирилловна;Кипр;1976-07-16;608
Лущенькина;Валерия;Борисовна;Маврикий;1979-07-10;50
Ковыряков;Эдуард;Михаилович;Белиз;1978-02-11;751
Мальцова;Катерина;Василевна;Бурунди;1998-09-06;45
Жигалова;София;Алексеевна;Фиджи;1997-05-08;795
Бетяева;Ева;Николаевна;Алжир;1983-04-12;334
Бахманов;Кирилл;Аркадиевич;Нигерия;1988-04-27;921
Зоделов;Денис;Леонидович;Того;1997-08-18;796
Пукимов;Станислав;Антонович;Польша;1980-03-21;316
Куирасова;Зинаида;Андреевна;Эритрея;1990-05-17;651
Шоткина;Людмила;Петровна;Либерия;1993-11-19;976
Булынин;Константин;Алексиевич;Того;1985-09-28;679
Сапитонова;Людмила;Ивановна;Бруней;1997-05-06;894
Шатланкина;Надежда;Андреевна;Тунис;1973-08-14;153
Кирьянкова;Кристина;Никитична;Румыния;1984-12-02;368
Лащинская;Клавдия;Кирилловна;Федеративные Штаты Микронезии;1985-11-07;21
Бобошин;Руслан;Виталиевич;Люксембург;1975-04-06;845
Кочерин;Дмитрий;Павлович;Йемен;1980-01-28;435
Билалова;Лариса;Дмитриевна;Афганистан;1988-05-20;62
Шушмеков;Павел;Яковлевич;Белиз;1977-09-15;382
Шаханов;Геннадий;Юрьевич;Монако;1986-11-22;248
Будилкина;Евгения;Викторовна;Индия;1984-12-12;475
Дитвинова;Ирина;Романовна;Эритрея;1980-05-11;228
Тыркова;Лиза;Евгеньевна;Венгрия;1984-08-15;372
Асаскова;Виктория;Олеговна;Сан-Марино;1995-05-25;950
Цимаркин;Леонид;Максимович;Белоруссия;1992-11-20;30
Миновский;Артур;Данилович;Северная Македония;1992-02-20;806
Рущина;Вероника;Никитична;Эквадор;1974-02-10;586
Колосков;Олег;Иванович;Египет;1980-07-11;348
Чипрякова;София;Никитична;Люксембург;1994-11-19;40
Левычкина;Александра;Борисовна;Сингапур;1985-11-15;458
Неволина;Карина;Евгеньевна;Мексика;1974-01-23;951
Барвенова;Елизавета;Леонидовна;Республика Корея;1976-10-28;158
Безрукова;Ольга;Егоровна;Танзания;1979-08-03;815
Стерлегов;Олег;Максимович;Кот-д’Ивуар;1999-11-16;241
Подставина;Карина;Михайловна;Замбия;1978-08-06;576
Пензенский;Станислав;Сергеевич;Нидерланды;1988-01-15;208
Марамзина;Тамара;Леонидовна;Бурунди;1990-10-09;623
Вербецкая;Анастасия;Евгеньевна;Япония;1996-01-28;244
Нежалеев;Владимир;Сергеевич;Самоа;1998-10-07;842
Езерницкий;Василий;Андреевич;Грузия;1974-11-26;264
Джимиев;Виталий;Борисович;Кот-д’Ивуар;1984-12-29;825
Едзиева;Клара;Сергеевна;Республика Корея;1973-10-28;726
Овчинин;Павел;Василиевич;Палау;1986-08-20;782
Чавина;Мария;Петровна;Латвия;1990-03-02;455
Ковайкин;Виталий;Игоревич;Пакистан;1998-03-26;187
Кармишин;Владимир;Юриевич;Малайзия;1992-06-30;336
Ревкин;Кирилл;Антонович;Белоруссия;1979-10-29;637
Пиртина;Лиза;Василевна;Ирак;1991-02-17;96
Крупчицкий;Федор;Денисович;Норвегия;1998-10-07;301
Скрыльков;Михаил;Борисович;Кения;1985-05-13;625
Шамратов;Олег;Евгеньевич;Лесото;1973-10-24;735
Алекаев;Константин;Данилович;Доминика;1994-08-05;879
Ашаев;Леонид;Тимофеевич;Непал;1996-01-04;658
Сильнягин;Анатолий;Данилович;Индия;1977-10-01;353
Кабазов;Никита;Алексеевич;Бенин;1996-12-23;455
Парненкова;Валерия;Борисовна;Коста-Рика;1974-01-17;728
Ладнова;Валерия;Никитична;Центральноафриканская Республика;1985-07-20;706
Лагунов;Артур;Викторович;Кипр;1997-11-19;497
Алдонов;Владимир;Максимович;Тунис;1985-11-26;318
Случин;Анатолий;Андреевич;Гаити;1975-07-12;274
Ашканова;Вероника;Леонидовна;Тунис;1991-09-04;47
Оглодина;Анна;Аркадьевна;Филиппины;1992-03-15;545
Кочевалин;Юрий;Павлович;Южный Судан;1997-11-05;928
Золоторев;Олег;Сергеевич;Хорватия;1989-02-26;861
Гильмаков;Иван;Георгиевич;Зимбабве;1996-11-24;257
Кралечкина;Софья;Вадимовна;Испания;1988-05-03;986
Вечеринин;Дмитрий;Николаевич;Мальдивы;1982-05-13;787
Коготков;Олег;Тимофеевич;Науру;1972-08-11;209
Вауличев;Вадим;Михаилович;Ирак;1981-10-17;383
Монаков;Василий;Кириллович;Сомали;1993-01-30;911
Просвирова;Виктория;Петровна;Украина;1979-09-05;977
Пигалова;Ева;Игоревна;Казахстан;1972-10-22;166
Веревочкин;Павел;Павлович;Мавритания;1987-06-26;53
Москвицова;Жанна;Яковлевна;Республика Конго;1987-09-03;373
Берингова;Дарья;Дмитриевна;Уругвай;1994-10-18;488
Закутерин;Владислав;Петрович;Непал;1972-01-12;545
Мещанников;Станислав;Юрьевич;Парагвай;1999-10-07;876
Жабынина;Катерина;Ивановна;Армения;1985-08-23;646
Вегина;Катерина;Аркадьевна;Гайана;1994-06-22;610
Пынькин;Олег;Адамович;Коста-Рика;1992-01-25;459
Полушин;Руслан;Максимович;Сан-Томе и Принсипи;1997-08-07;435
Гурвина;Виолетта;Егоровна;Науру;1986-07-07;20
Кубляков;Максим;Леонидович;Гаити;1977-08-30;151
Степашкова;Ирина;Леонидовна;Италия;1973-08-28;263
Васюнин;Константин;Данилович;Сан-Марино;1992-07-15;22
Щепилин;Никита;Павлович;Сан-Томе и Принсипи;1985-06-14;437
Загуляева;Евгения;Михайловна;Коста-Рика;1980-01-02;717
Юряева;Яна;Богдановна;Доминиканская Республика;1986-02-23;899
Хотырев;Юрий;Николаевич;Лесото;1995-11-03;269
Лупалова;Жанна;Егоровна;Норвегия;1987-10-19;833
Зимбовская;Инна;Николаевна;Кот-д’Ивуар;1986-02-27;473
Гурашева;Евгения;Ивановна;Эфиопия;1999-03-28;170
Годовиков;Валентин;Юрьевич;Сальвадор;1998-03-04;641
Мирясев;Антон;Юриевич;Румыния;1992-12-30;767
Красовитов;Семён;Максимович;Палау;1989-10-14;231
Каласкина;Наталья;Кирилловна;Сент-Китс и Невис;1975-10-06;683
Караукина;Дарья;Сергеевна;Индия;1989-07-20;211
Сусарина;Дарья;Валерьевна;Бразилия;1977-12-24;698
Шкорубский;Георгий;Максимович;Эритрея;1979-10-01;591
Новоселова;Карина;Богдановна;Мавритания;1990-10-05;330
Бадовский;Анатолий;Викторович;Иран;1973-05-10;11
Кротов;Ярослав;Викторович;Мальта;1975-04-13;656
Сызганов;Андрей;Иванович;Лесото;1973-03-02;655
Кунсеев;Руслан;Леонидович;Кувейт;1982-03-31;153
Чябаев;Василий;Леонидович;Соломоновы Острова;1996-12-01;524
Дукмасова;Инна;Романовна;Монако;1993-01-01;787
Дзюбинский;Константин;Леонидович;Маршалловы Острова;1991-07-09;144
Бржевская;Алина;Викторовна;Бельгия;1984-06-03;748
Голеняев;Александр;Андреевич;Алжир;1974-10-11;45
Шавалеева;Марина;Егоровна;Ирак;1974-12-19;23
Корондова;Елена;Сергеевна;Кувейт;1974-10-21;834
Сеева;Кристина;Леонидовна;Лесото;1977-10-09;937
Обрезкин;Роман;Георгиевич;Ливия;1986-12-27;427
Малиованов;Яков;Фёдорович;Молдавия;1980-02-21;183
Дарьина;Карина;Эдуардовна;Иран;1977-03-04;893
Бутовский;Семён;Аркадиевич;Эсватини;1992-12-19;296
Евгеньева;Наталия;Вадимовна;Малайзия;1997-09-15;319
Мандрыкин;Иван;Максимович;Руанда;1986-03-26;114
Ничаева;Клара;Олеговна;Аргентина;1972-05-28;740
Козырецкая;Алиса;Евгеньевна;Мозамбик;1982-09-27;5
Матявин;Станислав;Андреевич;Сан-Томе и Принсипи;1976-06-27;602
Домонов;Владимир;Олегович;Египет;1997-11-13;776
Ноаикова;Любовь;Ивановна;Кения;1977-03-04;30
Чимирева;Карина;Петровна;Австралия;1980-03-13;480
Дерлюгова;Ирина;Викторовна;Кения;1990-09-30;89
Парамокина;Маргарита;Аркадьевна;Антигуа и Барбуда;1995-04-09;99
Фаркина;Алина;Максимовна;Чад;1974-06-14;737
Туликова;Мария;Федоровна;Турция;1977-04-05;779
Иешкин;Павел;Петрович;Индия;1975-08-21;853
Рванцева;Тамара;Борисовна;Бенин;1992-07-19;320
Уколина;Ксения;Вадимовна;Маврикий;1997-06-07;640
Шелабнев;Степан;Иванович;Пакистан;1973-12-07;140
Тимирязев;Игорь;Василиевич;Бахрейн;1976-01-06;813
Пухалин;Олег;Леонидович;Испания;1980-06-30;54
Журавишкин;Тарас;Антонович;Бахрейн;1975-04-24;153
Потовцев;Алексей;Юрьевич;Сан-Томе и Принсипи;1991-03-13;736
Гривцов;Максим;Сергеевич;Танзания;1980-01-29;432
Пошенская;Алина;Вадимовна;Лаос;1982-05-19;456
Елехин;Артём;Тимофеевич;Гана;1982-05-27;36
Пепзина;Алёна;Эдуардовна;Камерун;1986-01-16;904
Льдов;Семён;Георгиевич;Аргентина;1997-10-02;669
Баров;Юрий;Борисович;Судан;1991-02-20;514
Земкина;Алёна;Ивановна;Венесуэла;1995-12-11;307
Инютин;Виталий;Борисович;Антигуа и Барбуда;1992-05-05;879
Чежидов;Алексей;Андреевич;Чад;1994-12-18;14
Базекин;Александр;Сергеевич;Маврикий;1976-02-06;466
Бороноева;Зинаида;Аркадьевна;Демократическая Республика Конго;1978-04-11;530
Виткова;Светлана;Леонидовна;Туркмения;1972-06-27;359
Бандов;Алексей;Аркадиевич;Люксембург;1989-10-22;491
Бигина;Анастасия;Федоровна;Франция;1983-11-09;987
Гатилова;Марина;Никитична;Тринидад и Тобаго;1997-01-05;569
Лобанцева;Анна;Викторовна;Доминиканская Республика;1978-11-28;876
Сумачева;София;Николаевна;Монголия;1990-11-27;297
Дайдбеков;Вячеслав;Михаилович;Сальвадор;1983-01-01;67
Свещинский;Максим;Алексеевич;Чехия;1998-07-14;872
Никишев;Евгений;Иванович;Никарагуа;1991-12-15;326
Недошивин;Аркадий;Данилович;Папуа;1984-02-10;633
Коватьева;Валентина;Богдановна;Маврикий;1991-03-08;575
Огнянчиков;Алексей;Иванович;Маврикий;1990-09-02;980
Байбурин;Геннадий;Яковлевич;Мали;1975-06-10;684
Макалюкина;Светлана;Леонидовна;Словения;1978-01-07;660
Сатюкова;Ксения;Богдановна;Непал;1981-08-01;453
Лишаев;Антон;Борисович;Австралия;1992-12-29;534
Болтухов;Владимир;Олегович;Ирландия;1972-01-31;417
Гроцкая;Раиса;Петровна;Алжир;1992-11-12;102
Опарева;Мария;Леонидовна;Пакистан;1988-08-14;160
Лулов;Станислав;Николаевич;США;1989-03-05;338
Лапузина;Клара;Егоровна;Россия;1995-11-25;475
Шелдяпин;Евгений;Валериевич;Латвия;1993-12-14;206
Крахоткина;Алиса;Аркадьевна;Бахрейн;1976-04-28;815
Ашмарин;Дмитрий;Олегович;Тувалу;1984-03-31;561
