id;surname;name;patronymic;citizenship;date_of_birth
1;Едигин;Виктор;Иванович;Австралия;1974-03-27
2;Домбитова;Ксения;Эдуардовна;Южный Судан;1997-11-08
3;Посевский;Павел;Адамович;Бутан;1979-04-24
4;Маздрина;Ева;Вадимовна;Бурунди;1977-11-05
5;Волосинков;Федор;Михаилович;Джибути;1988-04-20
6;Шапанина;Галина;Валерьевна;Монголия;1977-12-17
7;Рауфова;Анастасия;Игоревна;Южный Судан;1996-04-06
8;Титлинов;Степан;Андреевич;Бруней;1978-03-12
9;Тиморин;Федор;Максимович;Малайзия;1997-09-21
10;Шаропенков;Денис;Сергеевич;Мадагаскар;1987-01-08
11;Нутдинов;Степан;Андреевич;Сербия;1980-09-13
12;Примина;Катерина;Евгеньевна;Руанда;1978-05-18
13;Шнотов;Герасим;Виталиевич;Республика Корея;1989-12-08
14;Пашигоров;Вячеслав;Романович;Индонезия;1976-08-02
15;Бавашин;Леонид;Сергеевич;Мозамбик;1984-12-06
16;Рыльцин;Владимир;Фёдорович;Либерия;1994-05-01
17;Участкина;Надежда;Романовна;Сент-Винсент и Гренадины;1973-02-07
18;Тищаев;Виктор;Романович;Норвегия;1991-01-19
19;Слепичев;Юрий;Леонидович;Швеция;1999-11-13
20;Пономорев;Дмитрий;Сергеевич;Науру;1982-07-08
21;Булышова;Клара;Петровна;Эстония;1989-05-31
22;Жиренков;Григорий;Павлович;Лихтенштейн;1975-11-15
23;Глазыкин;Тарас;Данилович;Гондурас;1975-06-29
24;Бурмякова;Валерия;Леонидовна;Словения;1973-12-14
25;Меситов;Владислав;Юрьевич;Никарагуа;1992-03-16
26;Ранитский;Максим;Игоревич;Ямайка;1991-07-12
27;Вдовцов;Владимир;Алексиевич;Демократическая Республика Конго;1995-02-17
28;Батишев;Илья;Викторович;Узбекистан;1992-07-02
29;Пешенцева;Виктория;Романовна;Тринидад и Тобаго;1994-09-02
30;Кутырев;Кирилл;Виталиевич;Венгрия;1982-05-19
31;Микова;Маргарита;Алексеевна;Суринам;1981-03-22
32;Ваякин;Игорь;Алексеевич;Норвегия;1974-11-13
33;Анисова;Карина;Никитична;Таиланд;1992-05-15
34;Замотайлов;Пётр;Юрьевич;Сьерра-Леоне;1978-11-27
35;Кетов;Николай;Леонидович;Зимбабве;1982-10-26
36;Путина;Александра;Романовна;Антигуа и Барбуда;1996-12-25
37;Беркенева;Маргарита;Романовна;Гренада;1976-07-27
38;Чихолин;Герасим;Юрьевич;Молдавия;1996-09-23
39;Мухаморова;Алёна;Егоровна;Тонга;1996-04-04
40;Чахоткина;Алена;Эдуардовна;Малайзия;1999-12-28
41;Шмуляков;Андрей;Яковлевич;Сенегал;1981-04-10
42;Аванесов;Иван;Юриевич;Бахрейн;1977-11-20
43;Тентина;Карина;Борисовна;Либерия;1996-11-23
44;Боборыкин;Геннадий;Тимофеевич;Финляндия;1985-03-30
45;Синючков;Степан;Максимович;Палау;1980-11-29
46;Приписцов;Герасим;Тимофеевич;Саудовская Аравия;1987-10-20
47;Анташкиева;Надежда;Дмитриевна;Египет;1992-11-27
48;Фрейнкина;Наталия;Василевна;Бахрейн;1994-09-16
49;Хлоусов;Михаил;Леонидович;Габон;1986-09-06
50;Рутинская;Наталья;Аркадьевна;Дания;1978-02-09
51;Скреплев;Юрий;Павлович;Гватемала;1974-02-06
52;Курушева;Жанна;Василевна;Северная Македония;1984-01-07
53;Мацуков;Руслан;Евгеньевич;Куба;1977-08-07
54;Войстриков;Федор;Иванович;Албания;1991-12-04
55;Бацева;Яна;Валерьевна;Того;1977-09-29
56;Божутина;Елизавета;Никитична;Сомали;1995-09-18
57;Анчакова;Алена;Никитична;Литва;1973-12-06
58;Тулайкин;Дмитрий;Валериевич;Уганда;1985-10-22
59;Бубешкина;Наталья;Романовна;Намибия;1990-05-29
60;Полхлебов;Антон;Антонович;Коста-Рика;1981-07-25
61;Ощипова;Яна;Евгеньевна;Сан-Томе и Принсипи;1988-10-11
62;Алленых;Артём;Евгеньевич;Эсватини;1986-12-08
63;Орина;Елизавета;Романовна;Кот-д’Ивуар;1999-09-27
64;Годовский;Игорь;Игоревич;Малайзия;1980-11-16
65;Турлыков;Василий;Евгеньевич;Мавритания;1996-08-24
66;Разыгрина;Наталья;Сергеевна;Израиль;1985-01-25
67;Майорова;Алёна;Василевна;Руанда;1985-10-17
68;Клепнев;Кирилл;Романович;Филиппины;1997-07-20
69;Шарынкина;Галина;Яковлевна;Бангладеш;1975-02-12
70;Креталова;Кристина;Богдановна;Япония;1976-12-13
71;Коржевин;Павел;Фёдорович;Исландия;1982-08-27
72;Шумилин;Станислав;Романович;Сирия;1978-02-23
73;Чунова;Тамара;Викторовна;Папуа;1979-12-15
74;Задыхин;Александр;Викторович;Гвинея;1987-06-05
75;Талимова;Ева;Валерьевна;Восточный Тимор;1972-03-03
76;Мартяшкин;Александр;Валериевич;Гондурас;1982-04-21
77;Лишакова;Кира;Сергеевна;Грузия;1997-04-25
78;Шварков;Яков;Адамович;Латвия;1987-10-18
79;Радихин;Эдуард;Юриевич;Тринидад и Тобаго;1981-10-07
80;Мешин;Никита;Кириллович;Малави;1987-11-01
81;Райкина;Надежда;Олеговна;Бразилия;1980-10-27
82;Мунашов;Константин;Михаилович;Доминиканская Республика;1997-05-09
83;Силючкина;Кристина;Кирилловна;Марокко;1973-12-12
84;Гонакова;Галина;Валерьевна;Восточный Тимор;1995-09-15
85;Радулов;Юрий;Василиевич;Франция;1997-06-21
86;Стелецкая;Любовь;Максимовна;Бельгия;1989-08-19
87;Калинеева;Анна;Николаевна;Танзания;1975-10-16
88;Шершавин;Вячеслав;Павлович;Тонга;1981-10-23
89;Дымбицкая;София;Эдуардовна;Гайана;1980-09-20
90;Курастиков;Юрий;Аркадиевич;Бурунди;1980-12-19
91;Миненчев;Григорий;Данилович;Гвинея;1994-03-17
92;Киличкина;Валентина;Николаевна;Сенегал;1975-11-15
93;Смирков;Ярослав;Георгиевич;Китай;1980-11-16
94;Котарская;Ирина;Романовна;Камбоджа;1994-08-26
95;Хакин;Роман;Сергеевич;Монголия;1973-05-07
96;Бетеев;Виктор;Георгиевич;Гаити;1977-01-07
97;Глонягина;Алиса;Василевна;Тунис;1973-01-10
98;Гришокина;Ольга;Олеговна;Доминиканская Республика;1999-03-11
99;Петров;Пётр;Леонидович;Бахрейн;1994-09-11
100;Чекарькова;Раиса;Борисовна;Индонезия;1987-05-14
101;Козыренков;Алексей;Игоревич;Мозамбик;1988-02-27
102;Шурмалина;Оксана;Никитична;Чили;1992-08-12
103;Лешковйев;Станислав;Михаилович;Монголия;1997-02-23
104;Левин;Семён;Тимофеевич;Фиджи;1978-09-08
105;Ряснов;Иван;Михаилович;Марокко;1985-12-06
106;Котина;Кристина;Евгеньевна;Казахстан;1976-04-10
107;Габеева;Наталья;Богдановна;Казахстан;1972-01-13
108;Трушевская;Алена;Федоровна;Албания;1979-05-09
109;Алимханов;Борис;Виталиевич;Венесуэла;1974-10-28
110;Жерлицина;Лариса;Михайловна;Сейшельские Острова;1992-12-05
111;Вожелина;Александра;Вадимовна;Бенин;1986-08-11
112;Минеечев;Степан;Фёдорович;Лаос;1981-03-18
113;Зубренкова;Полина;Богдановна;Норвегия;1999-06-12
114;Аптикеев;Илья;Павлович;Израиль;1989-07-28
115;Аконова;Алена;Вадимовна;Уганда;1981-09-07
116;Татьянцева;Алёна;Романовна;Грузия;1984-12-07
117;Дерявов;Григорий;Адамович;Австрия;1994-07-15
118;Кабешкин;Яков;Яковлевич;Республика Корея;1976-11-18
119;Моторыкина;Алина;Леонидовна;Южный Судан;1976-10-21
120;Зоболоцкий;Тарас;Валериевич;Чехия;1994-06-23
121;Юсев;Вячеслав;Андреевич;Тувалу;1982-06-21
122;Динамова;Анна;Федоровна;Джибути;1984-01-19
123;Сатанкина;Виктория;Егоровна;Вануату;1992-02-12
124;Ощеровская;Светлана;Андреевна;Черногория;1987-03-17
125;Пулятина;Оксана;Николаевна;Испания;1987-02-07
126;Фуклин;Максим;Олегович;Исландия;1994-08-27
127;Поликутин;Александр;Вадимович;Демократическая Республика Конго;1988-12-04
128;Датюнова;Клавдия;Николаевна;Бразилия;1976-08-25
129;Хребтова;Полина;Эдуардовна;Бангладеш;1975-06-18
130;Рыжнева;Алиса;Яковлевна;Сейшельские Острова;1999-04-21
131;Цикалова;Жанна;Викторовна;Сальвадор;1982-01-13
132;Штопорова;Лариса;Никитична;Болгария;1979-04-09
133;Донауров;Борис;Юриевич;Турция;1993-10-12
134;Гамова;Алла;Валерьевна;Боливия;1999-03-11
135;Кархалева;Ольга;Дмитриевна;Нидерланды;1989-06-20
136;Гредаев;Василий;Адамович;КНДР;1973-11-25
137;Коршаков;Борис;Данилович;Нигерия;1974-04-06
138;Неврев;Геннадий;Георгиевич;Кипр;1996-01-01
139;Невейкин;Роман;Игоревич;Малайзия;1975-05-30
140;Камирин;Руслан;Валериевич;Марокко;1991-09-13
141;Матаркин;Вячеслав;Юриевич;Сент-Люсия;1989-09-26
142;Жевнева;Людмила;Василевна;Танзания;1996-02-26
143;Кривохижин;Семён;Виталиевич;Исландия;1972-07-28
144;Подолин;Артур;Иванович;Кипр;1973-12-03
145;Епифашкина;Ева;Викторовна;Словения;1980-05-11
146;Щавьева;Александра;Николаевна;Маршалловы Острова;1999-02-06
147;Бухарков;Леонид;Иванович;Габон;1993-09-23
148;Сахрова;Ирина;Евгеньевна;Центральноафриканская Республика;1999-01-07
149;Карамаева;Ольга;Игоревна;Палау;1995-10-01
150;Кайсарова;Маргарита;Валерьевна;Коста-Рика;1982-10-07
151;Пермина;Людмила;Алексеевна;Чад;1991-06-20
152;Барбанова;Лиза;Аркадьевна;Белоруссия;1984-07-07
153;Тутеев;Степан;Игоревич;Армения;1996-01-11
154;Клепалов;Андрей;Николаевич;Замбия;1988-01-15
155;Горшенков;Руслан;Алексиевич;Танзания;1980-01-27
156;Зайдинов;Николай;Игоревич;Замбия;1995-08-05
157;Зурапова;Ольга;Богдановна;Ирак;1988-06-19
158;Шелепугин;Ярослав;Игоревич;Антигуа и Барбуда;1996-05-09
159;Кутдюсова;Марина;Вадимовна;Финляндия;1977-09-21
160;Нуралиев;Илья;Валериевич;Лихтенштейн;1989-05-14
161;Космовский;Леонид;Фёдорович;Иордания;1972-12-08
162;Тефтилеев;Юрий;Олегович;Венгрия;1974-10-03
163;Лыгин;Владимир;Максимович;Иран;1995-10-31
164;Джурабоева;Ева;Василевна;Сейшельские Острова;1988-10-14
165;Парадеева;Ева;Вадимовна;Ливан;1998-12-19
166;Кислянцева;Людмила;Алексеевна;Доминиканская Республика;1999-03-10
167;Остренский;Руслан;Борисович;Сан-Марино;1986-03-22
168;Кастерин;Анатолий;Евгеньевич;Эфиопия;1982-03-22
169;Кулевская;Людмила;Игоревна;Суринам;1992-06-06
170;Савчкова;Оксана;Эдуардовна;Азербайджан;1974-08-10
171;Бодзева;Александра;Михайловна;Эритрея;1999-09-13
172;Бортиков;Артур;Юрьевич;Доминика;1977-11-02
173;Берестнев;Василий;Юрьевич;Южный Судан;1977-09-07
174;Амочаев;Александр;Игоревич;Уганда;1988-01-01
175;Шкарина;Раиса;Никитична;Папуа;1989-06-24
176;Бейчарова;Катерина;Сергеевна;Словакия;1991-07-02
177;Шуршина;София;Сергеевна;Джибути;1975-07-05
178;Пеширов;Евгений;Андреевич;Киргизия;1988-06-06
179;Ковырина;Анна;Аркадьевна;Уругвай;1993-09-17
180;Ковикова;Людмила;Егоровна;Италия;1983-03-30
181;Юдченков;Артур;Викторович;Молдавия;1991-11-22
182;Коптилов;Виктор;Вадимович;Маршалловы Острова;1979-05-02
183;Никошкова;Валентина;Егоровна;Фиджи;1994-01-18
184;Харин;Аркадий;Петрович;Руанда;1973-01-17
185;Зубачев;Виталий;Виталиевич;Гамбия;1974-05-03
186;Сешникова;Надежда;Петровна;Кот-д’Ивуар;1983-12-12
187;Архаткин;Никита;Вадимович;Буркина-Фасо;1994-05-29
188;Детнева;Яна;Аркадьевна;Мексика;1982-05-27
189;Баичкина;Ирина;Ивановна;Перу;1984-03-12
190;Чуплыгин;Александр;Яковлевич;Норвегия;1973-03-06
191;Ляхоцкая;Александра;Василевна;Босния и Герцеговина;1974-02-22
192;Виглина;Виктория;Егоровна;Экваториальная Гвинея;1993-08-11
193;Суннатова;Алина;Максимовна;Ливия;1975-07-08
194;Мчеделова;Вероника;Егоровна;Мальдивы;1973-04-24
195;Фишевский;Кирилл;Тимофеевич;Доминика;1979-01-18
196;Фадюнина;Евгения;Никитична;Федеративные Штаты Микронезии;1982-11-13
197;Репьев;Яков;Юрьевич;Франция;1981-02-24
198;Нарубина;Алина;Алексеевна;Бруней;1976-04-08
199;Шахдинаров;Виталий;Николаевич;Албания;1991-10-18
200;Любинецкий;Артём;Олегович;Катар;1977-04-26
201;Трапицына;Елена;Михайловна;Канада;1982-05-18
202;Крайнева;Вероника;Никитична;Джибути;1981-04-16
203;Кистерева;Вероника;Леонидовна;Коморы;1978-02-04
204;Торчинов;Герасим;Василиевич;Индия;1985-10-28
205;Транторов;Виталий;Николаевич;Люксембург;1973-04-09
206;Лунарев;Леонид;Юрьевич;Южный Судан;1993-04-27
207;Васиков;Валентин;Кириллович;Сингапур;1995-10-29
208;Розинчева;Катерина;Вадимовна;Азербайджан;1981-10-19
209;Посалина;Юлия;Федоровна;Индонезия;1994-12-20
210;Совкин;Валерий;Виталиевич;Экваториальная Гвинея;1981-03-25
211;Варланова;Светлана;Кирилловна;Гвинея-Бисау;1993-01-19
212;Ярмизин;Пётр;Юрьевич;Республика Конго;1988-01-25
213;Фигурин;Михаил;Евгеньевич;Сирия;1995-09-29
214;Бардинцева;Полина;Борисовна;Республика Корея;1982-03-13
215;Камышова;Людмила;Николаевна;Камерун;1997-09-04
216;Изотина;Анна;Ивановна;Коста-Рика;1985-10-26
217;Елюшкин;Алексей;Игоревич;Ботсвана;1997-11-13
218;Чевычелов;Артём;Василиевич;Бахрейн;1982-12-27
219;Фигасов;Денис;Фёдорович;Кабо-Верде;1997-03-28
220;Тиванов;Федор;Леонидович;Мадагаскар;1980-10-06
221;Лясковский;Артём;Борисович;Египет;1996-05-21
222;Ситиленков;Антон;Тимофеевич;Колумбия;1995-11-23
223;Исирова;Наталия;Егоровна;Гренада;1980-09-25
224;Офтин;Юрий;Сергеевич;Панама;1972-01-21
225;Чегерова;Кира;Федоровна;Сенегал;1982-02-24
226;Глебашев;Алексей;Виталиевич;Аргентина;1987-10-15
227;Шпалерская;Наталья;Леонидовна;Панама;1999-05-29
228;Гугневых;Кира;Василевна;Оман;1983-06-05
229;Песковская;Клара;Кирилловна;Сент-Люсия;1994-08-08
230;Лачугин;Василий;Игоревич;Франция;1998-02-15
231;Ляборова;Раиса;Сергеевна;Гренада;1993-01-12
232;Стецкая;Клавдия;Олеговна;Тунис;1979-08-27
233;Чеджемова;Наталья;Вадимовна;Монголия;1972-03-23
234;Зимарев;Артём;Кириллович;Кабо-Верде;1994-06-20
235;Рочева;Оксана;Эдуардовна;Багамские Острова;1998-09-08
236;Девятилов;Вячеслав;Андреевич;Бельгия;1977-11-11
237;Комордин;Василий;Петрович;Судан;1988-08-20
238;Аболдуева;Вероника;Богдановна;Северная Македония;1976-12-31
239;Арестов;Владимир;Андреевич;Лихтенштейн;1981-09-01
240;Рушалова;Виолетта;Федоровна;Грузия;1998-01-13
241;Корогодин;Алексей;Данилович;Эфиопия;1986-05-23
242;Косматов;Тарас;Иванович;США;1999-04-11
243;Варланов;Геннадий;Антонович;Никарагуа;1983-02-08
244;Позойская;Тамара;Сергеевна;Италия;1982-07-19
245;Сорова;Марина;Евгеньевна;Мексика;1997-10-22
246;Евпатов;Дмитрий;Сергеевич;Малайзия;1984-08-16
247;Кнурова;Любовь;Петровна;Франция;1997-08-21
248;Гаданова;Ксения;Кирилловна;Сальвадор;1997-08-02
249;Плющева;Анна;Максимовна;Монако;1989-09-02
250;Насанин;Денис;Алексиевич;Казахстан;1999-12-16
251;Баландиков;Пётр;Юриевич;Кабо-Верде;1977-08-21
252;Хвацкая;Анастасия;Эдуардовна;Соломоновы Острова;1990-07-26
253;Шныпаркова;Яна;Федоровна;Замбия;1973-06-10
254;Заплешнева;Евгения;Ивановна;ЮАР;1975-10-24
255;Фирзин;Олег;Борисович;Словакия;1993-06-27
256;Лозункова;Карина;Николаевна;Маршалловы Острова;1983-08-04
257;Шигалова;Евгения;Николаевна;Ливан;1976-08-26
258;Бодряшкин;Артур;Виталиевич;Иордания;1980-08-12
259;Черепанов;Виталий;Евгеньевич;Колумбия;1978-10-04
260;Стрегулина;Людмила;Сергеевна;США;1983-11-17
261;Чемболаева;Катерина;Богдановна;Тринидад и Тобаго;1983-06-28
262;Горяйстова;Ева;Богдановна;Мадагаскар;1973-06-16
263;Заночкина;Юлия;Егоровна;Оман;1972-08-18
264;Анашин;Виталий;Романович;Суринам;1992-12-21
265;Браинский;Леонид;Тимофеевич;Киргизия;1976-12-19
266;Алыбецкая;Алина;Михайловна;Бутан;1998-06-12
267;Куксина;Ева;Сергеевна;Тринидад и Тобаго;1975-08-17
268;Петряшова;Людмила;Викторовна;Сирия;1976-09-19
269;Багов;Михаил;Николаевич;Киргизия;1988-09-25
270;Барсамов;Георгий;Викторович;Монако;1986-06-01
271;Бавырина;Надежда;Дмитриевна;Руанда;1989-02-24
272;Широгоров;Вадим;Валериевич;Фиджи;1972-04-26
273;Черночалов;Юрий;Евгеньевич;Фиджи;1977-07-25
274;Славущев;Виталий;Евгеньевич;Сингапур;1991-10-07
275;Чудасов;Артём;Алексиевич;Дания;1979-10-21
276;Дончев;Олег;Павлович;Гватемала;1974-02-20
277;Чигарова;София;Леонидовна;Кирибати;1972-10-26
278;Ромадова;Клавдия;Андреевна;Эритрея;1972-09-21
279;Тачалов;Станислав;Леонидович;Иран;1994-07-16
280;Воякова;Валерия;Викторовна;Мексика;1999-05-11
281;Щекотуров;Михаил;Денисович;Никарагуа;1994-05-15
282;Отвечалин;Леонид;Василиевич;Папуа;1989-02-04
283;Расушкина;Александра;Олеговна;Боливия;1981-06-16
284;Ряшенцев;Виталий;Юрьевич;Румыния;1977-08-08
285;Имрекова;Маргарита;Михайловна;Джибути;1994-03-31
286;Еверкин;Леонид;Максимович;Бутан;1986-01-02
287;Сугаков;Федор;Борисович;Марокко;1997-03-06
288;Двоеносов;Семён;Максимович;Сьерра-Леоне;1989-05-16
289;Образумова;Ксения;Валерьевна;Джибути;1993-07-24
290;Корьчкова;Раиса;Николаевна;Австрия;1995-05-02
291;Габизуллин;Андрей;Сергеевич;Россия;1978-06-08
292;Цапуров;Иван;Викторович;Россия;1980-03-19
293;Сомехова;Алина;Борисовна;Египет;1989-10-15
294;Шихалев;Андрей;Адамович;Аргентина;1982-05-29
295;Переборов;Виталий;Максимович;Мьянма;1989-05-23
296;Неберова;Инна;Егоровна;Нидерланды;1983-03-19
297;Ирошкина;Ева;Дмитриевна;Сьерра-Леоне;1985-02-24
298;Большакина;Юлия;Богдановна;Чили;1984-01-10
299;Зоворотова;Лиза;Михайловна;Швеция;1988-03-06
300;Сырых;Виктор;Юрьевич;Нидерланды;1990-03-25
301;Эзерин;Тарас;Георгиевич;Египет;1978-10-26
302;Шкаленков;Роман;Тимофеевич;Ямайка;1990-02-04
303;Хайдин;Артур;Петрович;Бангладеш;1999-12-26
304;Чушанский;Николай;Антонович;Камерун;1972-05-12
305;Ворохин;Альберт;Сергеевич;Кабо-Верде;1989-04-30
306;Ватлина;Лариса;Михайловна;Китай;1988-12-05
307;Шишканов;Артур;Михаилович;Эсватини;1980-11-01
308;Мякотиных;Валентин;Тимофеевич;Азербайджан;1974-02-26
309;Шурцев;Никита;Алексиевич;Турция;1983-08-29
310;Гарашанова;Валентина;Максимовна;Андорра;1996-12-07
311;Щипин;Константин;Кириллович;Монголия;1974-12-13
312;Болгарская;Клара;Романовна;Намибия;1985-06-29
313;Гузнова;Светлана;Алексеевна;Кения;1978-09-15
314;Геролев;Никита;Яковлевич;Япония;1972-08-30
315;Дудалева;Евгения;Романовна;Киргизия;1977-11-09
316;Талдыкина;Юлия;Романовна;Сейшельские Острова;1998-07-08
317;Паракецов;Никита;Алексиевич;Уганда;1977-08-13
318;Бардонов;Павел;Антонович;Израиль;1983-07-23
319;Грандина;Инна;Валерьевна;Ангола;1997-08-07
320;Бадедова;Ольга;Федоровна;Иран;1973-11-30
321;Мошнягина;Инна;Егоровна;Хорватия;1995-03-07
322;Заходнова;София;Егоровна;Монако;1981-01-31
323;Вотляров;Никита;Алексиевич;Таиланд;1980-03-16
324;Неронская;Лариса;Богдановна;Эфиопия;1987-01-17
325;Бжендова;Юлия;Леонидовна;Эфиопия;1980-05-08
326;Янбаков;Алексей;Евгеньевич;Камбоджа;1991-10-24
327;Хоршева;Алена;Петровна;КНДР;1974-06-23
328;Коренкова;Галина;Игоревна;Сейшельские Острова;1990-01-16
329;Елисеева;Клара;Аркадьевна;Экваториальная Гвинея;1992-05-23
330;Варшамова;Катерина;Николаевна;Гамбия;1976-07-20
331;Шувальцев;Тарас;Борисович;Северная Македония;1974-04-12
332;Тавелева;Марина;Максимовна;Япония;1981-02-12
333;Ларюшенков;Эдуард;Михаилович;Саудовская Аравия;1991-02-20
334;Евминенков;Федор;Павлович;Андорра;1999-01-02
335;Голомзина;Галина;Игоревна;Антигуа и Барбуда;1985-06-20
336;Ведьмина;Надежда;Петровна;Непал;1972-11-01
337;Ансютин;Федор;Фёдорович;Тунис;1977-11-17
338;Желдорова;Алина;Василевна;Бангладеш;1972-01-29
339;Костомаров;Илья;Кириллович;Эквадор;1975-09-27
340;Жмыров;Роман;Николаевич;Либерия;1984-07-23
341;Демехова;Лариса;Эдуардовна;Марокко;1994-04-09
342;Гажулина;Катерина;Вадимовна;Руанда;1985-11-05
343;Марьинский;Александр;Романович;Бразилия;1984-01-17
344;Писоцкий;Герасим;Борисович;Хорватия;1988-06-25
345;Чупова;Виолетта;Николаевна;Бутан;1989-06-29
346;Гилякова;Юлия;Евгеньевна;Парагвай;1976-08-01
347;Маркичев;Вячеслав;Викторович;Белоруссия;1980-01-09
348;Мякутина;Александра;Яковлевна;Восточный Тимор;1988-12-30
349;Миритеева;Кристина;Леонидовна;Бруней;1980-11-13
350;Кудекин;Вячеслав;Максимович;Мавритания;1979-09-19
351;Едская;Яна;Романовна;Сейшельские Острова;1990-04-19
352;Файсханов;Константин;Максимович;Литва;1996-09-30
353;Пиржанова;Мария;Борисовна;Ирак;1984-10-16
354;Утешинский;Борис;Николаевич;Азербайджан;1981-04-10
355;Ковырялин;Никита;Михаилович;Гватемала;1976-09-16
356;Гиацинтова;Надежда;Егоровна;Катар;1983-05-23
357;Гуровова;Алёна;Егоровна;Барбадос;1998-05-19
358;Голтепов;Дмитрий;Викторович;Нидерланды;1993-10-10
359;Сиянина;Юлия;Сергеевна;Сьерра-Леоне;1973-03-26
360;Полубехина;Зинаида;Петровна;Экваториальная Гвинея;1976-03-15
361;Корикин;Владимир;Павлович;Коста-Рика;1997-05-16
362;Мачинин;Алексей;Кириллович;Замбия;1977-02-26
363;Калайтанов;Игорь;Аркадиевич;Сан-Томе и Принсипи;1995-09-05
364;Дектерев;Георгий;Павлович;Чад;1988-07-11
365;Энговатова;Мария;Вадимовна;Эсватини;1987-01-29
366;Устругова;Елена;Борисовна;Чехия;1981-04-29
367;Карлушин;Антон;Алексеевич;Папуа;1972-06-29
368;Песиков;Дмитрий;Сергеевич;Руанда;1973-07-14
369;Лоткина;Евгения;Борисовна;Бангладеш;1977-06-25
370;Шердев;Валерий;Романович;Северная Македония;1994-10-23
371;Евсинкова;Анастасия;Олеговна;Кирибати;1986-02-02
372;Портянский;Михаил;Олегович;Эфиопия;1987-11-26
373;Гамалеев;Герасим;Антонович;Афганистан;1977-03-12
374;Савидов;Евгений;Аркадиевич;Камбоджа;1977-02-27
375;Бескорская;Ирина;Богдановна;Буркина-Фасо;1996-12-30
376;Арих;Геннадий;Павлович;Уганда;1978-12-31
377;Грузов;Антон;Викторович;Армения;1991-02-24
378;Муклицов;Василий;Денисович;Панама;1976-11-07
379;Тарчигина;Кристина;Алексеевна;Ливия;1986-02-16
380;Накурипов;Евгений;Олегович;Норвегия;1974-03-04
381;Шикерина;Любовь;Алексеевна;Боливия;1984-05-10
382;Бонковская;Виолетта;Евгеньевна;Сингапур;1995-10-01
383;Комогорцев;Кирилл;Юриевич;Кения;1978-10-01
384;Горбанев;Степан;Юриевич;Молдавия;1982-07-11
385;Галяхова;Алина;Петровна;Бельгия;1976-11-30
386;Перловская;Дарья;Яковлевна;Болгария;1985-06-18
387;Дохолова;Екатерина;Никитична;Соломоновы Острова;1993-02-01
388;Дунюшина;Ева;Валерьевна;Маршалловы Острова;1999-12-22
389;Евстюшин;Юрий;Георгиевич;Таджикистан;1991-10-29
390;Маркадеев;Александр;Игоревич;Саудовская Аравия;1985-03-04
391;Ситяев;Павел;Вадимович;Сейшельские Острова;1973-05-15
392;Агошкин;Денис;Петрович;Бурунди;1994-04-15
393;Узцев;Вадим;Юрьевич;Мексика;1987-08-14
394;Сидаренков;Василий;Алексиевич;Сальвадор;1982-04-14
395;Мукалов;Вадим;Фёдорович;Азербайджан;1989-06-08
396;Брамеев;Александр;Георгиевич;Монако;1999-11-16
397;Ярославцев;Пётр;Вадимович;Сингапур;1999-08-17
398;Щеболева;Инна;Андреевна;Канада;1984-01-13
399;Кобецкий;Григорий;Алексеевич;Восточный Тимор;1980-06-22
400;Рохликова;Вероника;Борисовна;Камерун;1978-02-21
401;Тотовцев;Павел;Леонидович;Куба;1976-07-19
402;Фимкин;Алексей;Олегович;Бельгия;1991-11-01
403;Курицина;Елизавета;Николаевна;Сальвадор;1981-11-13
404;Фантеев;Руслан;Леонидович;Венгрия;1979-10-02
405;Крохалев;Герасим;Аркадиевич;Мадагаскар;1978-09-08
406;Купленский;Илья;Георгиевич;Эквадор;1975-11-15
407;Комсюков;Эдуард;Евгеньевич;Уганда;1979-11-03
408;Джимина;Ксения;Игоревна;Сирия;1980-03-04
409;Раженкова;Галина;Леонидовна;Новая Зеландия;1987-06-14
410;Чеканкова;Софья;Валерьевна;Бутан;1978-07-23
411;Мечетина;Зинаида;Аркадьевна;Сирия;1986-10-25
412;Копилов;Михаил;Адамович;Центральноафриканская Республика;1993-01-29
413;Похмелова;Яна;Николаевна;Доминиканская Республика;1991-03-27
414;Копакина;Наталия;Олеговна;Китай;1989-05-14
415;Шаршуков;Иван;Евгеньевич;Малайзия;1994-05-12
416;Фирсанова;Ева;Алексеевна;Китай;1976-01-05
417;Гнусарева;Оксана;Богдановна;Соломоновы Острова;1989-07-08
418;Трищина;Ольга;Егоровна;Гренада;1973-04-11
419;Чеблоков;Альберт;Кириллович;Таиланд;1990-01-25
420;Губайдулин;Артур;Алексеевич;Ямайка;1989-07-10
421;Салушкина;Ольга;Андреевна;Куба;1985-11-29
422;Ухаботов;Виталий;Аркадиевич;Руанда;1984-12-09
423;Рехшин;Дмитрий;Павлович;Боливия;1995-11-29
424;Чуюшин;Кирилл;Олегович;Бангладеш;1993-04-24
425;Дидурова;Катерина;Петровна;Боливия;1992-12-06
426;Кувырканов;Андрей;Игоревич;Бурунди;1988-06-30
427;Бандов;Валерий;Борисович;Ирак;1986-12-31
428;Пупыкин;Аркадий;Игоревич;Сербия;1987-02-12
429;Музыкантов;Степан;Сергеевич;Суринам;1990-04-10
430;Шелестюков;Владимир;Василиевич;Никарагуа;1994-06-30
431;Галпуллов;Леонид;Георгиевич;Сейшельские Острова;1975-08-19
432;Ахматьянов;Аркадий;Николаевич;Мальта;1982-01-29
433;Бордадымов;Ярослав;Тимофеевич;Камбоджа;1975-04-17
434;Сулдаев;Павел;Викторович;Сент-Винсент и Гренадины;1999-10-17
435;Свинкин;Вадим;Аркадиевич;Великобритания;1997-12-28
436;Слихсова;Алена;Сергеевна;Греция;1987-03-20
437;Усольский;Василий;Максимович;Багамские Острова;1982-08-07
438;Сапенков;Константин;Викторович;Куба;1988-12-22
439;Чванин;Василий;Павлович;Нигерия;1986-10-18
440;Бабчина;Виктория;Валерьевна;Казахстан;1996-01-17
441;Санчаков;Юрий;Викторович;Бутан;1981-10-23
442;Ардашов;Валентин;Леонидович;Малайзия;1992-06-25
443;Жмаев;Никита;Павлович;Эсватини;1986-02-10
444;Порогина;Алиса;Леонидовна;Литва;1993-12-18
445;Руданов;Станислав;Иванович;Гондурас;1986-04-12
446;Адутов;Семён;Борисович;Доминика;1978-03-30
447;Колянчева;Валентина;Леонидовна;Казахстан;1984-05-06
448;Механтьев;Альберт;Петрович;Танзания;1982-05-25
449;Бударашина;Маргарита;Олеговна;Бурунди;1978-01-26
450;Абрашов;Михаил;Фёдорович;Сан-Марино;1988-12-29
451;Ахиева;Лиза;Олеговна;США;1982-11-13
452;Заплетнева;Вероника;Максимовна;Вануату;1981-01-16
453;Петровкина;Полина;Аркадьевна;Габон;1972-06-07
454;Кособукин;Константин;Евгеньевич;Швейцария;1992-08-28
455;Мокшанцев;Анатолий;Кириллович;Кабо-Верде;1988-07-15
456;Тамашов;Георгий;Адамович;Южный Судан;1983-10-07
457;Бавидов;Федор;Антонович;Ирландия;1988-10-24
458;Спаржина;София;Михайловна;Оман;1979-11-26
459;Узбеков;Виталий;Юрьевич;Венесуэла;1972-11-18
460;Зыбцев;Павел;Антонович;Эритрея;1993-09-23
461;Курябина;Светлана;Максимовна;Бенин;1981-05-17
462;Петерева;Лариса;Никитична;Бурунди;1986-06-07
463;Мелоткова;Полина;Ивановна;Албания;1975-11-15
464;Кондрушин;Виталий;Валериевич;Лаос;1988-01-14
465;Братников;Станислав;Андреевич;Коста-Рика;1994-04-16
466;Шлейников;Виталий;Тимофеевич;Гондурас;1972-08-06
467;Евтодьев;Никита;Денисович;Нидерланды;1995-05-24
468;Бычуткина;Яна;Никитична;Алжир;1977-02-02
469;Урманова;Анна;Богдановна;Сингапур;1976-12-14
470;Колташова;Юлия;Викторовна;Мальдивы;1980-04-14
471;Бурдов;Константин;Тимофеевич;Лесото;1975-09-08
472;Пионов;Семён;Юриевич;Мальдивы;1985-06-09
473;Серазева;Дарья;Аркадьевна;Ливан;1976-10-08
474;Саличев;Валерий;Михаилович;Кипр;1998-02-17
475;Голочалова;Лиза;Егоровна;Антигуа и Барбуда;1977-06-19
476;Придорогин;Александр;Тимофеевич;Федеративные Штаты Микронезии;1985-09-17
477;Катявин;Георгий;Романович;Замбия;1984-12-09
478;Айдерханов;Артур;Максимович;Украина;1996-03-03
479;Наджаров;Виталий;Романович;Бруней;1979-07-28
480;Ольсинский;Тарас;Кириллович;Джибути;1978-10-20
481;Лапацкий;Аркадий;Павлович;Италия;1998-05-30
482;Хохов;Константин;Павлович;Пакистан;1987-01-24
483;Габова;Алла;Федоровна;Боливия;1980-11-29
484;Айрапетова;Клавдия;Алексеевна;Федеративные Штаты Микронезии;1975-02-06
485;Агапитов;Геннадий;Алексеевич;Суринам;1990-06-26
486;Кропьева;Валерия;Петровна;ОАЭ;1983-07-08
487;Леднев;Николай;Кириллович;Бахрейн;1998-08-18
488;Будуков;Валерий;Вадимович;Лаос;1980-01-07
489;Лошкин;Борис;Юриевич;Индонезия;1999-05-30
490;Инокоров;Алексей;Тимофеевич;Финляндия;1989-04-22
491;Матиосова;Надежда;Василевна;Перу;1977-05-19
492;Носинская;Маргарита;Яковлевна;Сенегал;1977-07-09
493;Колыганова;Алина;Дмитриевна;Лаос;1975-02-06
494;Жизлова;Тамара;Леонидовна;Таиланд;1992-09-18
495;Баржанский;Павел;Денисович;ЮАР;1982-09-16
496;Абдибаева;Валентина;Максимовна;Болгария;1988-11-11
497;Недожаров;Степан;Тимофеевич;Сенегал;1989-08-28
498;Матюшнина;Любовь;Леонидовна;Канада;1975-01-18
499;Ильская;Оксана;Викторовна;Грузия;1974-10-27
500;Догодина;Ольга;Максимовна;Вьетнам;1980-08-24
501;Жирекина;Светлана;Сергеевна;Белиз;1987-05-14
502;Таропина;Галина;Викторовна;Маврикий;1982-07-25
503;Артамцев;Александр;Петрович;Никарагуа;1984-08-28
504;Бермилеев;Георгий;Антонович;Таиланд;1983-01-06
505;Зетилова;Светлана;Викторовна;Боливия;1979-07-14
506;Токалов;Максим;Николаевич;Исландия;1976-07-20
507;Любовицкий;Артур;Тимофеевич;Мадагаскар;1973-04-25
508;Имошенков;Альберт;Максимович;Туркмения;1998-01-01
509;Игошина;Вероника;Романовна;Литва;1995-02-12
510;Столярский;Станислав;Андреевич;Канада;1976-01-13
511;Шингарев;Владимир;Виталиевич;Мадагаскар;1996-04-06
512;Акумбекова;Анастасия;Никитична;Непал;1983-04-24
513;Крамскова;София;Никитична;Республика Конго;1994-06-16
514;Симбирцева;Марина;Яковлевна;Либерия;1991-09-16
515;Бучихин;Максим;Денисович;Словения;1980-04-11
516;Глебков;Кирилл;Петрович;Малави;1990-07-24
517;Дрохин;Алексей;Георгиевич;Молдавия;1980-08-17
518;Нурматов;Андрей;Алексиевич;Колумбия;1996-07-10
519;Папырин;Игорь;Леонидович;Ямайка;1987-01-31
520;Будиков;Юрий;Аркадиевич;Ливия;1975-09-23
521;Литвяков;Андрей;Борисович;Тонга;1979-05-23
522;Кулакина;Ксения;Евгеньевна;Катар;1991-03-05
523;Бороздин;Валентин;Евгеньевич;Камерун;1976-04-06
524;Тубальцева;Александра;Аркадьевна;Узбекистан;1999-05-03
525;Симбиркин;Кирилл;Василиевич;Катар;1984-06-02
526;Мардониев;Аркадий;Тимофеевич;Малайзия;1989-07-16
527;Рупачева;Софья;Алексеевна;Судан;1993-09-26
528;Алдушкина;Елизавета;Николаевна;Венгрия;1973-01-20
529;Серняев;Максим;Андреевич;Россия;1993-04-10
530;Мазенкова;Раиса;Борисовна;Йемен;1986-05-25
531;Крутогоров;Владимир;Андреевич;Малави;1973-11-06
532;Клюзикова;Елизавета;Игоревна;Эфиопия;1981-08-26
533;Минебаева;Алиса;Аркадьевна;Германия;1999-09-23
534;Бобенева;Катерина;Андреевна;Буркина-Фасо;1982-07-12
535;Седиков;Юрий;Павлович;Нигер;1984-02-27
536;Плескунина;Клара;Максимовна;Белиз;1987-06-10
537;Лисовецкий;Алексей;Максимович;Иран;1973-07-23
538;Сморкалина;Полина;Викторовна;Нидерланды;1992-02-17
539;Емушинцева;Карина;Егоровна;Ямайка;1993-02-10
540;Ретьева;Полина;Вадимовна;Федеративные Штаты Микронезии;1999-01-01
541;Косаримова;Екатерина;Олеговна;Армения;1991-08-26
542;Булавкин;Максим;Валериевич;Ирак;1993-09-12
543;Петинов;Тарас;Адамович;Сан-Марино;1995-12-03
544;Кадыханов;Вячеслав;Андреевич;Монголия;1997-03-25
545;Байдуков;Валерий;Вадимович;Тунис;1991-03-07
546;Реулова;Любовь;Кирилловна;Джибути;1989-01-25
547;Юланов;Виталий;Антонович;Буркина-Фасо;1987-03-01
548;Жариникова;Алиса;Валерьевна;Гаити;1977-12-03
549;Бохуленков;Александр;Максимович;Гренада;1991-05-24
550;Бебутова;Маргарита;Кирилловна;Экваториальная Гвинея;1972-05-11
551;Мотырев;Ярослав;Адамович;Китай;1996-05-10
552;Ягудов;Вячеслав;Иванович;Черногория;1993-03-01
553;Фандеева;Катерина;Николаевна;Сан-Марино;1976-12-20
554;Малянова;Маргарита;Игоревна;Япония;1979-12-24
555;Безлобова;Наталия;Петровна;Венесуэла;1976-05-23
556;Маракин;Василий;Игоревич;Бенин;1993-03-06
557;Ознобшина;Елена;Михайловна;Монако;1998-09-06
558;Атаулин;Альберт;Яковлевич;Маршалловы Острова;1988-08-19
559;Савикова;Екатерина;Андреевна;Тунис;1992-01-03
560;Прошенков;Иван;Алексиевич;Эквадор;1999-03-01
561;Цибисова;Алена;Дмитриевна;Сальвадор;1987-08-03
562;Купикова;Юлия;Никитична;Чад;1977-03-27
563;Ишмамедов;Александр;Борисович;Черногория;1987-08-13
564;Лидовский;Николай;Борисович;Соломоновы Острова;1995-06-28
565;Неболюбов;Борис;Антонович;Никарагуа;1979-10-23
566;Садов;Леонид;Павлович;Бангладеш;1999-10-10
567;Колотунов;Александр;Юрьевич;Бурунди;1972-02-19
568;Мендюков;Владислав;Николаевич;Куба;1997-01-07
569;Ошевский;Андрей;Андреевич;Мадагаскар;1972-01-01
570;Погодаев;Альберт;Кириллович;Нигерия;1996-06-14
571;Мазкин;Владислав;Тимофеевич;Антигуа и Барбуда;1988-07-24
572;Макулин;Алексей;Тимофеевич;Мальта;1975-06-12
573;Лин-Лин;Виталий;Адамович;Польша;1982-10-17
574;Бармушкина;Галина;Олеговна;Казахстан;1993-12-25
575;Шомшина;Валентина;Сергеевна;Марокко;1986-07-05
576;Тютюшкина;Полина;Аркадьевна;Лихтенштейн;1995-10-07
577;Шаронова;Кира;Сергеевна;Перу;1986-01-27
578;Дурняков;Никита;Василиевич;Гватемала;1972-03-06
579;Лагорова;Марина;Андреевна;Украина;1983-12-06
580;Ледякина;Яна;Богдановна;Сингапур;1978-12-13
581;Слуцкина;Алена;Валерьевна;Кот-д’Ивуар;1996-12-05
582;Атькин;Виталий;Антонович;Ливан;1976-02-17
583;Кудряшкин;Кирилл;Евгеньевич;Гондурас;1978-05-17
584;Канарева;Клавдия;Олеговна;Монголия;1979-03-26
585;Глодин;Виктор;Евгеньевич;Бруней;1985-04-24
586;Авданин;Герасим;Викторович;Бразилия;1972-09-13
587;Поясов;Анатолий;Олегович;Малави;1983-03-16
588;Самтова;Клара;Егоровна;Лесото;1997-10-20
589;Волвенков;Иван;Викторович;Тринидад и Тобаго;1978-07-10
590;Мунин;Антон;Фёдорович;Ямайка;1980-02-03
591;Маклаков;Антон;Павлович;Греция;1975-06-02
592;Горбовский;Леонид;Алексеевич;Доминика;1981-09-21
593;Раджанов;Владислав;Яковлевич;Тувалу;1999-08-13
594;Зузулина;Кира;Егоровна;Австралия;1979-09-15
595;Берлогова;Катерина;Егоровна;Швеция;1985-12-21
596;Тарабыкина;Алена;Ивановна;КНДР;1988-04-03
597;Чуфаринов;Василий;Вадимович;Гамбия;1994-04-16
598;Курцов;Аркадий;Аркадиевич;Египет;1984-12-22
599;Питашова;Ксения;Викторовна;Сенегал;1996-04-30
600;Домокурова;Алена;Андреевна;Габон;1984-03-19
601;Лепехина;Тамара;Аркадьевна;Афганистан;1992-02-09
602;Мусакаев;Виталий;Юрьевич;Сингапур;1983-04-27
603;Бритов;Константин;Адамович;Венесуэла;1977-06-09
604;Бембеева;Алла;Романовна;Румыния;1977-02-03
605;Харипов;Яков;Данилович;Гвинея-Бисау;1994-11-06
606;Рыжиченков;Василий;Тимофеевич;Бразилия;1978-07-24
607;Арецкина;Ольга;Борисовна;Йемен;1981-02-02
608;Мастев;Виталий;Романович;Восточный Тимор;1976-07-28
609;Завалуев;Иван;Игоревич;Мозамбик;1998-05-07
610;Евдаев;Пётр;Юрьевич;Сан-Марино;1986-04-18
611;Ильдатова;Раиса;Богдановна;Узбекистан;1987-04-15
612;Зоркина;Раиса;Андреевна;Сьерра-Леоне;1998-04-19
613;Басилов;Антон;Виталиевич;Мадагаскар;1991-07-26
614;Бокщанин;Василий;Фёдорович;Замбия;1987-05-27
615;Молочкин;Герасим;Николаевич;Нидерланды;1997-03-15
616;Зейкалов;Руслан;Павлович;Уругвай;1988-11-13
617;Шулекина;Вероника;Михайловна;Буркина-Фасо;1976-08-09
618;Синегубова;Анна;Игоревна;Россия;1978-01-31
619;Куришкина;Лиза;Валерьевна;Республика Корея;1979-04-05
620;Плюнгина;Надежда;Олеговна;Индия;1983-01-12
621;Царапаев;Валерий;Данилович;Сомали;1984-12-30
622;Фомченков;Георгий;Яковлевич;Узбекистан;1977-06-04
623;Кулесский;Леонид;Сергеевич;Пакистан;1983-04-17
624;Квасинкова;Вероника;Егоровна;КНДР;1976-05-05
625;Шиламонов;Аркадий;Кириллович;Эстония;1989-06-08
626;Алексанов;Руслан;Денисович;Болгария;1991-06-17
627;Кобенина;Софья;Михайловна;Катар;1975-09-04
628;Абаджев;Эдуард;Борисович;Монако;1983-01-24
629;Божакина;Клавдия;Андреевна;Республика Конго;1972-08-01
630;Чтецов;Евгений;Викторович;Маврикий;1993-09-08
631;Духовнов;Павел;Викторович;Сейшельские Острова;1996-02-09
632;Сейдалин;Максим;Тимофеевич;Саудовская Аравия;1978-06-18
633;Бабайцева;Наталия;Кирилловна;Польша;1991-06-13
634;Вадковская;Лиза;Федоровна;Тунис;1987-05-24
635;Тверетнева;Людмила;Василевна;Словакия;1980-10-02
636;Хаертинова;Тамара;Эдуардовна;Чехия;1990-12-19
637;Бескровнов;Станислав;Алексеевич;Нидерланды;1989-08-22
638;Максейкина;Мария;Кирилловна;Сейшельские Острова;1998-11-03
639;Алушкин;Кирилл;Василиевич;Непал;1973-03-11
640;Андрушева;Лиза;Леонидовна;Малайзия;1974-11-06
641;Симонахина;Кира;Ивановна;Узбекистан;1990-05-19
642;Полтинин;Павел;Алексеевич;Фиджи;1975-09-01
643;Шмуратова;Клара;Кирилловна;Гвинея;1995-09-22
644;Дубальская;Раиса;Игоревна;Польша;1986-10-23
645;Анискин;Руслан;Романович;Сан-Томе и Принсипи;1984-12-14
646;Кислинских;Владислав;Юриевич;Чехия;1999-01-21
647;Крекорнев;Антон;Фёдорович;КНДР;1996-08-25
648;Лусев;Роман;Олегович;Пакистан;1996-12-20
649;Ахтемова;Наталья;Евгеньевна;Уругвай;1981-11-07
650;Муратова;Анастасия;Аркадьевна;Венесуэла;1979-09-30
651;Одельцова;Любовь;Романовна;Зимбабве;1976-01-12
652;Курчугина;Алена;Ивановна;Россия;1997-01-11
653;Малышева;Ольга;Богдановна;Бразилия;1987-03-26
654;Хамизулин;Кирилл;Антонович;Сан-Томе и Принсипи;1975-09-24
655;Карлагина;Лиза;Евгеньевна;Турция;1973-08-16
656;Коралова;Юлия;Егоровна;Белоруссия;1978-02-16
657;Кованцева;Виктория;Богдановна;Барбадос;1974-02-19
658;Ларенцев;Валерий;Антонович;Сомали;1981-03-21
659;Эманов;Игорь;Евгеньевич;Соломоновы Острова;1983-05-06
660;Лыскина;Яна;Василевна;Коморы;1985-09-16
661;Коровиков;Андрей;Иванович;КНДР;1992-04-02
662;Хайрулов;Игорь;Валериевич;Бурунди;1973-05-01
663;Хрошина;Карина;Богдановна;Кот-д’Ивуар;1995-10-29
664;Альчинкова;Елизавета;Вадимовна;Гренада;1997-01-15
665;Барзукаев;Виктор;Романович;Ирландия;1991-02-21
666;Коствина;Надежда;Леонидовна;Албания;1973-11-06
667;Демушкин;Геннадий;Аркадиевич;Азербайджан;1989-11-03
668;Кандалин;Борис;Иванович;Канада;1991-07-03
669;Линькина;Кира;Петровна;Португалия;1985-01-27
670;Сакбаева;Клара;Кирилловна;Малайзия;1988-11-30
671;Сымчева;Евгения;Ивановна;Эстония;1995-10-24
672;Осадкина;Полина;Алексеевна;Вьетнам;1991-05-04
673;Мухлина;Наталия;Борисовна;КНДР;1991-03-09
674;Санюков;Дмитрий;Антонович;Финляндия;1997-12-04
675;Боварова;Виолетта;Никитична;Мальта;1991-02-11
676;Недялкова;Маргарита;Федоровна;Чили;1991-02-03
677;Нинаров;Ярослав;Адамович;Нигерия;1990-05-31
678;Кутачева;Александра;Андреевна;Армения;1993-02-10
679;Ряхимова;Клара;Вадимовна;Северная Македония;1978-01-21
680;Ковочнева;Дарья;Аркадьевна;ОАЭ;1975-11-07
681;Лаптенкова;Екатерина;Вадимовна;Тувалу;1977-06-07
682;Шамраев;Станислав;Андреевич;Оман;1996-08-08
683;Мацневская;Вероника;Федоровна;Сирия;1978-12-30
684;Галузин;Станислав;Тимофеевич;Северная Македония;1978-05-03
685;Накозина;Надежда;Богдановна;Ботсвана;1992-12-29
686;Атауллаева;Анна;Олеговна;Кувейт;1984-08-24
687;Антушев;Григорий;Сергеевич;Грузия;1984-01-13
688;Грищина;Алена;Андреевна;США;1988-08-06
689;Селивиров;Тарас;Олегович;Туркмения;1984-04-03
690;Пастушихин;Тарас;Георгиевич;Джибути;1976-07-01
691;Шпалютина;Елена;Федоровна;Бразилия;1996-01-06
692;Творемиров;Владислав;Павлович;Габон;1982-11-09
693;Ратинкова;Кристина;Аркадьевна;Маврикий;1997-10-03
694;Гунова;Алиса;Федоровна;Австралия;1982-06-26
695;Колакова;Зинаида;Евгеньевна;Мальта;1992-08-25
696;Юргунова;Людмила;Эдуардовна;Чад;1979-10-19
697;Черничкин;Яков;Юрьевич;Колумбия;1980-04-09
698;Патрахина;Клара;Романовна;Италия;1975-08-21
699;Арзиманова;Валерия;Олеговна;Ангола;1983-03-24
700;Жмылькова;Инна;Яковлевна;Тринидад и Тобаго;1990-01-25
701;Ентаев;Семён;Юрьевич;Финляндия;1996-11-20
702;Куцанкова;Екатерина;Николаевна;Куба;1997-08-06
703;Ашуркин;Илья;Николаевич;Оман;1982-03-23
704;Лихорева;Яна;Яковлевна;Федеративные Штаты Микронезии;1973-11-13
705;Шахбабаева;Яна;Егоровна;Бруней;1973-04-11
706;Хорошкеев;Пётр;Юрьевич;Гондурас;1973-01-05
707;Коломазова;Лариса;Егоровна;США;1974-06-15
708;Курощепов;Дмитрий;Павлович;Албания;1977-10-06
709;Гоглов;Анатолий;Борисович;Камерун;1979-08-04
710;Ральдугин;Игорь;Романович;Казахстан;1996-01-31
711;Скиляжин;Валентин;Антонович;Мексика;1991-10-05
712;Склянкин;Виктор;Андреевич;Ирландия;1983-05-06
713;Шапинова;София;Кирилловна;Кирибати;1981-03-05
714;Шоколов;Ярослав;Иванович;Габон;1977-04-26
715;Могидин;Григорий;Максимович;Белоруссия;1973-03-29
716;Яровицкий;Георгий;Андреевич;Сан-Марино;1991-08-17
717;Хуррамова;Яна;Евгеньевна;Сенегал;1998-11-12
718;Тубашева;Юлия;Сергеевна;Сент-Люсия;1975-05-21
719;Чалисова;Галина;Игоревна;Гана;1976-05-23
720;Евдасин;Валерий;Яковлевич;Оман;1973-01-18
721;Суетенкова;Валерия;Никитична;Багамские Острова;1988-04-03
722;Щулова;Маргарита;Игоревна;Гвинея-Бисау;1994-04-12
723;Джунина;Алла;Никитична;Сан-Томе и Принсипи;1995-01-31
724;Чубаркин;Андрей;Василиевич;Тунис;1972-05-14
725;Дзюбинский;Андрей;Антонович;Папуа;1994-06-29
726;Жмурков;Альберт;Вадимович;Дания;1987-08-16
727;Летютина;Вера;Вадимовна;Маршалловы Острова;1993-07-05
728;Гаппоев;Григорий;Михаилович;Самоа;1994-10-15
729;Караушева;Любовь;Никитична;Сингапур;1974-03-29
730;Буданкова;Алла;Олеговна;Ямайка;1980-10-25
731;Поминов;Семён;Павлович;Исландия;1981-07-15
732;Тралков;Виталий;Кириллович;Гвинея;1985-02-28
733;Гарманова;Катерина;Вадимовна;Камбоджа;1996-03-15
734;Мамырин;Анатолий;Антонович;Албания;1994-06-28
735;Редванский;Роман;Петрович;Албания;1992-06-22
736;Симигулин;Виктор;Георгиевич;Венгрия;1982-11-07
737;Бесенков;Федор;Борисович;Кирибати;1991-09-15
738;Болтушина;Карина;Валерьевна;Панама;1982-01-03
739;Егоровская;Оксана;Леонидовна;Франция;1992-12-06
740;Мозолина;Кристина;Олеговна;Сент-Винсент и Гренадины;1990-09-25
741;Челядин;Артур;Леонидович;Сербия;1994-11-09
742;Удалеева;Катерина;Кирилловна;Экваториальная Гвинея;1974-10-09
743;Ропотова;София;Игоревна;Сан-Марино;1992-05-01
744;Ппвкин;Валентин;Петрович;Танзания;1976-02-07
745;Логогов;Василий;Петрович;Великобритания;1984-09-19
746;Бедоев;Андрей;Иванович;Сенегал;1973-10-12
747;Майшева;Дарья;Евгеньевна;Исландия;1982-06-05
748;Турина;Мария;Андреевна;Сингапур;1980-09-04
749;Шканин;Юрий;Денисович;Эсватини;1972-09-30
750;Журавых;Федор;Викторович;Уругвай;1975-03-09
751;Лазарихина;Любовь;Яковлевна;Мальдивы;1974-02-12
752;Юрицкий;Денис;Павлович;Маврикий;1987-08-12
753;Масляков;Михаил;Николаевич;Коморы;1988-05-06
754;Востричкин;Артур;Николаевич;Белоруссия;1998-04-23
755;Каурсинов;Игорь;Андреевич;Сомали;1996-02-13
756;Комаленков;Игорь;Василиевич;Бахрейн;1982-10-23
757;Килярский;Руслан;Антонович;Багамские Острова;1983-02-14
758;Красовская;Инна;Аркадьевна;Эстония;1981-09-20
759;Мидцев;Яков;Игоревич;Сан-Марино;1979-02-15
760;Мартышев;Тарас;Алексиевич;Соломоновы Острова;1996-06-28
761;Пудонин;Виктор;Виталиевич;Австралия;1978-11-27
762;Сапфирская;Анастасия;Николаевна;Никарагуа;1978-10-19
763;Кучебин;Альберт;Василиевич;Греция;1995-07-04
764;Семилов;Дмитрий;Тимофеевич;Сингапур;1991-05-31
765;Пирулина;Алёна;Олеговна;Нигер;1985-01-29
766;Костюлин;Юрий;Николаевич;Швеция;1987-06-15
767;Выгонский;Владислав;Романович;Тунис;1976-12-30
768;Аршаков;Леонид;Яковлевич;Лесото;1972-07-29
769;Сайдукова;Инна;Яковлевна;Бахрейн;1973-07-30
770;Ласаев;Эдуард;Борисович;Израиль;1975-10-20
771;Волгунова;Клавдия;Михайловна;Сан-Томе и Принсипи;1985-05-04
772;Сарайкин;Геннадий;Данилович;Греция;1996-10-15
773;Козовкин;Илья;Алексиевич;Ливия;1978-09-09
774;Аскерова;Алиса;Евгеньевна;Сирия;1977-06-06
775;Грошилин;Владислав;Романович;Австралия;1990-02-15
776;Дианина;Ирина;Игоревна;Соломоновы Острова;1988-06-16
777;Аурцев;Борис;Иванович;Сирия;1997-03-13
778;Пилегина;Елена;Андреевна;Кот-д’Ивуар;1987-08-26
779;Алалов;Анатолий;Евгеньевич;Мальдивы;1977-09-08
780;Коуркина;Виктория;Евгеньевна;Науру;1987-07-26
781;Лобутина;Любовь;Вадимовна;Коморы;1989-02-06
782;Витюшина;Алена;Алексеевна;Литва;1979-02-20
783;Ранбова;Екатерина;Михайловна;Эквадор;1985-10-14
784;Еметова;Алла;Романовна;Черногория;1989-04-28
785;Печушина;Александра;Федоровна;Исландия;1993-09-19
786;Дитрих;Алёна;Сергеевна;Египет;1999-05-07
787;Кшняскин;Максим;Романович;Чили;1996-12-13
788;Потрясов;Игорь;Адамович;Бахрейн;1991-12-22
789;Бундин;Владимир;Яковлевич;Чили;1989-09-01
790;Белоконова;Алена;Леонидовна;Доминика;1996-07-12
791;Хлапцева;Дарья;Федоровна;Ботсвана;1986-07-15
792;Китовкина;Дарья;Сергеевна;Маврикий;1984-03-02
793;Манукова;Софья;Вадимовна;КНДР;1999-09-12
794;Лисикина;Ольга;Яковлевна;Тувалу;1991-10-30
795;Загрядская;Валентина;Максимовна;Норвегия;1989-12-31
796;Вылежнина;Алёна;Михайловна;Германия;1979-09-21
797;Черенякина;Жанна;Николаевна;Вануату;1999-08-30
798;Саталкин;Евгений;Юриевич;Ямайка;1978-04-01
799;Немковский;Геннадий;Юрьевич;Ливан;1982-06-28
800;Муржухин;Илья;Олегович;Республика Корея;1990-03-23
801;Хаджноров;Илья;Кириллович;Казахстан;1987-04-16
802;Хасаков;Иван;Петрович;Нигерия;1990-09-19
803;Грумницкая;Вероника;Никитична;Демократическая Республика Конго;1993-04-20
804;Клесарев;Олег;Олегович;Сьерра-Леоне;1982-12-14
805;Дербгина;Лариса;Аркадьевна;Бельгия;1990-11-13
806;Кокусова;Ольга;Олеговна;Греция;1982-03-11
807;Миргоязова;Екатерина;Максимовна;Гаити;1989-11-10
808;Таранухина;Ирина;Романовна;Антигуа и Барбуда;1983-10-15
809;Басшихина;Анна;Никитична;Намибия;1999-01-02
810;Шатурова;Вера;Евгеньевна;Афганистан;1979-09-06
811;Хромовских;Владимир;Олегович;Барбадос;1991-04-17
812;Атрепьев;Никита;Павлович;Республика Корея;1977-08-19
813;Клямзин;Виталий;Романович;Самоа;1980-09-24
814;Тишеева;Алена;Игоревна;Мальдивы;1989-06-11
815;Паролова;Лариса;Богдановна;Индия;1990-03-29
816;Горожанцев;Анатолий;Евгеньевич;Оман;1985-09-14
817;Андрухова;Инна;Никитична;Украина;1976-11-27
818;Девишев;Вячеслав;Евгеньевич;Сейшельские Острова;1974-01-28
819;Одинев;Федор;Евгеньевич;Иран;1996-08-20
820;Жангирова;Тамара;Викторовна;Босния и Герцеговина;1973-12-10
821;Шапхарин;Герасим;Аркадиевич;Вьетнам;1991-12-16
822;Приленская;Маргарита;Валерьевна;Ангола;1989-01-18
823;Вехорев;Вячеслав;Олегович;Уругвай;1993-02-27
824;Степушова;Ирина;Петровна;Украина;1992-09-05
825;Шавылин;Виталий;Михаилович;Восточный Тимор;1981-10-26
826;Ходюшина;Алена;Вадимовна;Уганда;1979-05-12
827;Копеин;Вадим;Игоревич;ЮАР;1983-11-11
828;Садвканова;Наталия;Олеговна;Малави;1990-08-22
829;Фегин;Альберт;Сергеевич;Гвинея;1977-02-22
830;Пиякина;Алина;Аркадьевна;Того;1999-01-22
831;Тряшин;Леонид;Игоревич;Австралия;1997-12-22
832;Тельпугов;Никита;Данилович;Сирия;1982-10-31
833;Лязин;Вячеслав;Михаилович;Венгрия;1989-02-26
834;Броздецкий;Максим;Петрович;Чехия;1973-07-04
835;Сегийкова;Лиза;Яковлевна;Мальта;1988-10-28
836;Зеликина;Алёна;Игоревна;Австралия;1997-07-04
837;Петреев;Георгий;Иванович;Турция;1989-11-10
838;Роштаков;Ярослав;Василиевич;Аргентина;1999-09-02
839;Жалдокова;Любовь;Николаевна;Андорра;1992-03-17
840;Саватулин;Борис;Тимофеевич;Маврикий;1992-02-12
841;Кекшина;Галина;Алексеевна;Восточный Тимор;1998-02-03
842;Каблицкий;Яков;Аркадиевич;Сент-Люсия;1978-04-19
843;Пялов;Степан;Николаевич;Финляндия;1980-08-23
844;Жингалов;Кирилл;Денисович;Босния и Герцеговина;1986-05-22
845;Пундалева;Яна;Максимовна;Марокко;1977-08-15
846;Учаев;Михаил;Иванович;Нидерланды;1981-10-30
847;Адаева;Раиса;Андреевна;Палау;1998-04-15
848;Гриняев;Роман;Михаилович;Кипр;1996-11-03
849;Видехин;Евгений;Сергеевич;Буркина-Фасо;1983-03-23
850;Каюрова;Алла;Петровна;Латвия;1993-05-06
851;Бляшкина;Жанна;Андреевна;Швеция;1981-05-16
852;Караулина;Софья;Валерьевна;Ботсвана;1972-07-09
853;Шалаков;Герасим;Игоревич;Чили;1991-06-29
854;Штыков;Руслан;Яковлевич;Бразилия;1976-09-28
855;Солдатский;Тарас;Аркадиевич;Буркина-Фасо;1973-04-10
856;Пельцих;Евгений;Андреевич;Нигер;1975-11-30
857;Паршова;Анастасия;Михайловна;Йемен;1987-01-01
858;Пемуров;Максим;Алексеевич;Турция;1977-05-13
859;Берлова;Юлия;Богдановна;Восточный Тимор;1987-10-26
860;Святский;Виктор;Алексеевич;Уругвай;1983-05-23
861;Кубашов;Алексей;Валериевич;Панама;1980-06-22
862;Мупашов;Константин;Николаевич;Коста-Рика;1990-04-06
863;Пашнева;София;Борисовна;Гренада;1974-06-28
864;Кузмишева;Клавдия;Федоровна;Сомали;1999-12-18
865;Нагибина;Клара;Николаевна;Мексика;1984-05-14
866;Шкурская;Ирина;Максимовна;Ливия;1984-05-03
867;Борицкий;Артур;Антонович;Сент-Китс и Невис;1974-03-26
868;Чеданова;Мария;Аркадьевна;Эстония;1993-08-27
869;Бурдучкин;Денис;Тимофеевич;Гаити;1994-11-24
870;Горшенков;Максим;Тимофеевич;Монако;1974-01-13
871;Солопин;Николай;Валериевич;Венесуэла;1991-01-05
872;Зимина;Ольга;Андреевна;Кот-д’Ивуар;1996-05-31
873;Тиманов;Альберт;Валериевич;Непал;1972-11-05
874;Молдышкова;Алла;Яковлевна;Сербия;1972-07-06
875;Печатин;Степан;Виталиевич;Самоа;1987-10-27
876;Терешатова;Наталия;Василевна;Сальвадор;1985-06-18
877;Каблашов;Владислав;Юриевич;Чили;1999-10-23
878;Едецкая;Анна;Евгеньевна;Грузия;1994-03-17
879;Оспенников;Владислав;Андреевич;Мавритания;1988-02-15
880;Шахгеданов;Пётр;Петрович;Катар;1998-08-27
881;Подчуфаров;Николай;Андреевич;Сейшельские Острова;1991-08-19
882;Сурихин;Игорь;Вадимович;Мальдивы;1990-01-08
883;Селемзянов;Геннадий;Игоревич;ОАЭ;1996-09-11
884;Сибиченков;Андрей;Денисович;Украина;1975-06-10
885;Фокинов;Андрей;Леонидович;Шри-Ланка;1997-06-19
886;Слезкинцев;Владислав;Сергеевич;Сомали;1987-04-19
887;Кохтева;Клара;Максимовна;Финляндия;1986-11-24
888;Вышнова;Виктория;Аркадьевна;Чад;1973-03-27
889;Брухов;Илья;Михаилович;Бангладеш;1975-06-10
890;Гдагазина;Галина;Федоровна;Алжир;1993-02-14
891;Газитова;Клавдия;Яковлевна;Швеция;1999-11-18
892;Саулов;Виталий;Павлович;Грузия;1991-09-12
893;Буянкова;Светлана;Яковлевна;Иордания;1982-11-04
894;Сафронова;Светлана;Эдуардовна;Судан;1994-03-03
895;Мугунова;Наталия;Андреевна;Филиппины;1980-10-12
896;Замалаева;Ольга;Яковлевна;Панама;1982-07-23
897;Севоров;Николай;Викторович;Гватемала;1999-01-29
898;Битимов;Виктор;Андреевич;Гвинея;1980-08-11
899;Поляхов;Аркадий;Викторович;Перу;1996-08-14
900;Абхазова;Карина;Богдановна;Гватемала;1983-05-04
901;Любавшина;Екатерина;Федоровна;Египет;1988-11-21
902;Скрипулина;Жанна;Аркадьевна;КНДР;1996-10-13
903;Лабунов;Герасим;Яковлевич;Чили;1978-09-12
904;Скучаев;Артём;Викторович;Габон;1985-02-15
905;Мкартынов;Степан;Адамович;Гана;1985-12-22
906;Хомутецкая;Юлия;Алексеевна;Центральноафриканская Республика;1974-08-06
907;Дреннова;Светлана;Викторовна;Бахрейн;1986-08-19
908;Шавелина;Алиса;Олеговна;Сан-Марино;1979-09-24
909;Дидигова;Раиса;Михайловна;Кувейт;1977-05-03
910;Богинова;Инна;Дмитриевна;Сальвадор;1984-10-02
911;Ханина;Кира;Василевна;Республика Конго;1985-11-11
912;Кордычева;Людмила;Вадимовна;Бруней;1972-01-26
913;Шигалов;Аркадий;Викторович;Китай;1980-12-21
914;Шулаков;Артём;Аркадиевич;Индия;1982-05-20
915;Пенезева;Алёна;Валерьевна;Дания;1991-10-15
916;Дирдовская;Валентина;Николаевна;Грузия;1984-01-16
917;Гулюшкин;Василий;Сергеевич;Аргентина;1991-09-20
918;Верептин;Юрий;Леонидович;Турция;1985-05-06
919;Яурова;Елена;Егоровна;Аргентина;1997-03-29
920;Абалуев;Степан;Максимович;Непал;1989-05-31
921;Ломаносова;Яна;Егоровна;Новая Зеландия;1980-07-08
922;Пилякин;Андрей;Игоревич;Вануату;1997-11-19
923;Помятихин;Эдуард;Борисович;Словения;1994-01-10
924;Шилаева;Маргарита;Кирилловна;Сенегал;1983-03-18
925;Корнишин;Павел;Романович;Таиланд;1995-12-01
926;Шилинкова;Анастасия;Валерьевна;Черногория;1974-02-17
927;Акопов;Никита;Георгиевич;Эстония;1975-01-31
928;Моторкина;Дарья;Максимовна;Хорватия;1989-06-21
929;Вардашкин;Яков;Виталиевич;Канада;1977-03-20
930;Набилков;Эдуард;Фёдорович;Сент-Люсия;1988-05-28
931;Иуриманов;Артур;Георгиевич;Сингапур;1976-01-22
932;Копецкая;Инна;Никитична;Ямайка;1995-05-28
933;Пучинин;Илья;Игоревич;КНДР;1972-06-28
934;Гирунова;Виолетта;Василевна;Коста-Рика;1977-04-17
935;Гавришина;Софья;Евгеньевна;Аргентина;1985-10-17
936;Цавелева;Юлия;Яковлевна;Китай;1984-03-20
937;Кедрова;Алла;Борисовна;Новая Зеландия;1986-05-23
938;Егупова;Наталья;Евгеньевна;Сербия;1973-05-05
939;Заверский;Иван;Петрович;Малайзия;1984-08-21
940;Керакотова;Раиса;Василевна;Лихтенштейн;1991-07-09
941;Рянцева;Оксана;Алексеевна;Ангола;1991-10-22
942;Дударов;Аркадий;Алексеевич;Венесуэла;1992-11-17
943;Антонихина;Валентина;Дмитриевна;Мальта;1988-06-06
944;Любельская;Ксения;Романовна;Молдавия;1991-05-11
945;Манжиков;Артём;Алексеевич;Венгрия;1974-09-22
946;Провидова;Карина;Николаевна;Южный Судан;1998-10-15
947;Нищева;Маргарита;Алексеевна;Великобритания;1982-06-08
948;Машевикина;Алла;Андреевна;Филиппины;1997-01-12
949;Щубикин;Альберт;Максимович;Сенегал;1996-05-31
950;Палюлина;Любовь;Петровна;Кипр;1999-10-06
951;Покотилова;Александра;Леонидовна;Уганда;1994-06-04
952;Чекашкин;Олег;Тимофеевич;Багамские Острова;1997-09-11
953;Почиткина;Инна;Михайловна;Науру;1983-03-19
954;Чуносова;Ксения;Егоровна;Вануату;1999-05-31
955;Корнева;Кира;Аркадьевна;Барбадос;1998-02-20
956;Куричев;Артём;Данилович;Италия;1982-09-09
957;Батугина;Екатерина;Олеговна;Сан-Марино;1980-08-22
958;Дудунов;Владимир;Леонидович;Габон;1991-06-07
959;Качкаева;Наталия;Яковлевна;Ирак;1980-10-06
960;Нечеев;Никита;Михаилович;Польша;1981-08-30
961;Кагин;Ярослав;Павлович;Исландия;1999-12-19
962;Леоненкова;Ксения;Богдановна;Лесото;1996-01-22
963;Королина;Марина;Михайловна;Франция;1977-09-28
964;Масакин;Кирилл;Адамович;Уганда;1975-09-10
965;Ахкозова;София;Вадимовна;Кения;1975-06-05
966;Ненахова;Елизавета;Леонидовна;Кот-д’Ивуар;1997-01-27
967;Карачарова;Виолетта;Олеговна;Россия;1991-12-17
968;Евленков;Геннадий;Андреевич;Исландия;1973-11-19
969;Бутарыгина;Мария;Никитична;Италия;1984-02-26
970;Феноменов;Георгий;Тимофеевич;Мальдивы;1997-05-19
971;Опоцкий;Анатолий;Олегович;Бельгия;1982-12-18
972;Бажутин;Леонид;Алексеевич;Ботсвана;1984-06-29
973;Масагутова;Ольга;Максимовна;Суринам;1973-02-15
974;Клеклин;Борис;Леонидович;Эстония;1995-06-25
975;Алтасина;Софья;Егоровна;Северная Македония;1991-07-23
976;Хоревин;Вячеслав;Борисович;Франция;1987-12-24
977;Щепетьев;Герасим;Виталиевич;Великобритания;1981-01-06
978;Тирюткина;Ксения;Михайловна;Сан-Марино;1986-06-07
979;Олескин;Ярослав;Алексеевич;Таджикистан;1987-02-09
980;Кладничкин;Павел;Георгиевич;Доминиканская Республика;1996-01-18
981;Кинасов;Ярослав;Игоревич;Сейшельские Острова;1993-09-27
982;Щебеткина;Алла;Андреевна;Судан;1973-12-14
983;Халамова;Алена;Викторовна;Ирландия;1987-04-19
984;Никшина;Софья;Олеговна;Ботсвана;1980-07-14
985;Железняков;Григорий;Николаевич;Сейшельские Острова;1992-08-15
986;Авсюшина;Евгения;Богдановна;Аргентина;1994-09-07
987;Мирушова;Виктория;Аркадьевна;Багамские Острова;1989-12-30
988;Хамицаева;Надежда;Яковлевна;Сейшельские Острова;1990-11-25
989;Климешина;Полина;Олеговна;Венгрия;1992-12-05
990;Мозжилов;Олег;Яковлевич;Сирия;1996-11-05
991;Хатенкова;Александра;Евгеньевна;Фиджи;1972-08-22
992;Летутина;Алиса;Михайловна;Бруней;1996-10-27
993;Саличев;Павел;Михаилович;Куба;1986-06-23
994;Смачкова;Марина;Леонидовна;Латвия;1975-04-29
995;Арчунова;Наталия;Кирилловна;Норвегия;1975-03-02
996;Самин;Вячеслав;Романович;Центральноафриканская Республика;1996-09-11
997;Доротова;Елена;Леонидовна;Маршалловы Острова;1989-06-21
998;Бабкин;Виталий;Борисович;Мальдивы;1986-06-27
999;Лодырева;Полина;Петровна;Самоа;1982-07-14
1000;Китаев;Антон;Антонович;Бангладеш;1995-05-04
