id;surname;name;patronymic;citizenship;date_of_birth;id_sc
1;Домина;Анастасия;Яковлевна;Камбоджа;1998-08-17;147
2;Хвалова;Александра;Егоровна;Панама;1994-12-05;925
3;Пингина;Клара;Эдуардовна;Эсватини;1995-09-01;267
4;Сулишкина;Лиза;Эдуардовна;Афганистан;1976-06-05;857
5;Косоваров;Георгий;Борисович;Канада;1993-07-03;682
6;Швагина;Евгения;Богдановна;Мьянма;1986-04-21;335
7;Гавюкова;Ева;Викторовна;Марокко;1985-04-28;745
8;Нагих;Герасим;Евгеньевич;Индия;1980-03-04;896
9;Исманская;Надежда;Валерьевна;США;1996-03-03;348
10;Лалиева;Вероника;Андреевна;Сент-Китс и Невис;1976-03-06;738
11;Пошишолин;Виталий;Игоревич;Фиджи;1996-08-14;373
12;Елсанов;Герасим;Василиевич;Алжир;1982-06-09;798
13;Фагелова;Карина;Эдуардовна;Доминиканская Республика;1986-06-27;751
14;Ибадулаев;Роман;Сергеевич;Кирибати;1973-12-23;358
15;Куншина;Александра;Богдановна;Кирибати;1996-11-12;873
16;Колюмбов;Федор;Петрович;Австрия;1992-01-05;296
17;Обыденов;Александр;Василиевич;Болгария;1985-12-08;704
18;Старолетов;Тарас;Павлович;Мали;1993-10-05;826
19;Крачалова;Евгения;Кирилловна;Япония;1999-07-17;313
20;Флеровский;Василий;Данилович;Индия;1987-10-14;388
21;Бехбудова;Алена;Алексеевна;Куба;1987-01-20;86
22;Марханов;Георгий;Максимович;Литва;1982-07-19;243
23;Жаченков;Георгий;Михаилович;Багамские Острова;1997-08-29;608
24;Увыкина;Клавдия;Андреевна;Перу;1995-03-03;597
25;Селивашкин;Артём;Павлович;Германия;1995-11-01;174
26;Тутуров;Евгений;Николаевич;КНДР;1999-07-08;751
27;Рыфтина;Вера;Петровна;Черногория;1999-03-13;20
28;Моторнов;Александр;Кириллович;Индия;1990-07-24;716
29;Авдышов;Артур;Виталиевич;Папуа;1993-07-05;243
30;Аковецкий;Николай;Сергеевич;Тувалу;1987-09-29;550
31;Константин;Яков;Виталиевич;Новая Зеландия;1999-02-28;505
32;Косоусов;Никита;Вадимович;Бруней;1985-03-19;134
33;Милакина;Светлана;Василевна;Барбадос;1990-11-15;333
34;Долева;Клара;Богдановна;Израиль;1988-11-19;212
35;Хальцева;Наталья;Кирилловна;Босния и Герцеговина;1992-09-21;535
36;Грезев;Артём;Вадимович;Никарагуа;1996-12-04;930
37;Мкртычев;Андрей;Романович;Сенегал;1980-07-01;498
38;Коцкий;Борис;Николаевич;Колумбия;1983-08-02;472
39;Кубланов;Артём;Михаилович;Центральноафриканская Республика;1994-06-13;825
40;Тюсова;Яна;Валерьевна;Гана;1975-12-30;111
41;Бышков;Юрий;Яковлевич;Эритрея;1991-07-15;210
42;Шахиджаков;Геннадий;Михаилович;Канада;1975-08-23;614
43;Менцев;Григорий;Иванович;Гватемала;1972-11-11;699
44;Чугрина;Жанна;Игоревна;Доминиканская Республика;1976-10-15;488
45;Абрашитов;Валентин;Романович;Греция;1987-10-10;333
46;Гужева;Елена;Николаевна;Судан;1987-09-20;961
47;Мулевина;Кира;Романовна;Сьерра-Леоне;1990-12-17;136
48;Апешина;Алина;Аркадьевна;Кирибати;1997-11-23;163
49;Айдышев;Максим;Леонидович;Бутан;1981-05-04;363
50;Ильинова;Софья;Михайловна;Лихтенштейн;1999-12-01;91
51;Леутина;Галина;Сергеевна;Кот-д’Ивуар;1978-11-20;31
52;Печенегина;Карина;Борисовна;Боливия;1984-07-16;672
53;Душнова;Валерия;Яковлевна;Северная Македония;1992-08-15;163
54;Тавгазова;Вера;Борисовна;Йемен;1979-12-03;261
55;Борновская;Елена;Валерьевна;Греция;1978-07-21;250
56;Антипенков;Максим;Данилович;Лихтенштейн;1985-07-06;552
57;Тадынкина;Евгения;Богдановна;Кирибати;1986-01-29;521
58;Давлетова;Наталия;Богдановна;Чехия;1978-11-28;791
59;Итакаева;Алена;Игоревна;Камерун;1996-09-30;620
60;Тагин;Артур;Валериевич;Гватемала;1994-06-01;192
61;Мурских;Владислав;Борисович;Сент-Винсент и Гренадины;1979-08-13;65
62;Посылаев;Тарас;Виталиевич;Дания;1996-07-17;992
63;Назаренков;Владислав;Кириллович;Нигер;1997-04-28;58
64;Тыминский;Виктор;Евгеньевич;Республика Корея;1994-01-11;529
65;Сухогузова;Людмила;Ивановна;Экваториальная Гвинея;1997-07-18;90
66;Сысолетин;Кирилл;Романович;Израиль;1981-08-12;231
67;Чепорская;Виктория;Яковлевна;Боливия;1976-10-29;519
68;Амчанинова;Оксана;Михайловна;Литва;1978-03-05;718
69;Сметанкин;Григорий;Максимович;Индия;1995-12-27;381
70;Дисветов;Тарас;Романович;Индонезия;1972-08-11;242
71;Нагиров;Илья;Аркадиевич;Ботсвана;1989-04-18;24
72;Темщина;Полина;Федоровна;Латвия;1996-01-02;386
73;Таранников;Владислав;Сергеевич;Люксембург;1986-10-01;429
74;Пушканская;Марина;Егоровна;Румыния;1983-08-30;857
75;Щеглаков;Руслан;Фёдорович;Кирибати;1989-04-23;834
76;Степичева;Раиса;Василевна;Центральноафриканская Республика;1972-04-30;676
77;Шабонова;Елена;Дмитриевна;Нигерия;1980-12-24;136
78;Плаев;Никита;Викторович;Намибия;1973-12-07;417
79;Движков;Роман;Петрович;Сербия;1997-11-28;808
80;Ташевская;Вера;Борисовна;Южный Судан;1975-12-20;585
81;Калинкин;Никита;Адамович;Узбекистан;1975-08-07;929
82;Каляшина;Ирина;Яковлевна;Мальдивы;1990-07-02;478
83;Сатюков;Леонид;Андреевич;Португалия;1989-03-14;806
84;Смыгачев;Аркадий;Вадимович;Мадагаскар;1983-11-05;693
85;Кашперова;Екатерина;Богдановна;Демократическая Республика Конго;1979-01-23;488
86;Шруфанова;Любовь;Богдановна;Габон;1993-11-09;680
87;Хозаков;Антон;Олегович;Гренада;1981-05-16;616
88;Бельмакова;Инна;Михайловна;Болгария;1977-06-25;478
89;Сельдешова;Раиса;Викторовна;Кувейт;1978-02-16;889
90;Климашов;Ярослав;Леонидович;Пакистан;1992-01-04;992
91;Гин;Михаил;Романович;Доминика;1976-11-23;535
92;Давидов;Роман;Василиевич;Того;1997-02-11;904
93;Кустодиева;Елизавета;Богдановна;Камбоджа;1976-03-18;328
94;Барахова;Юлия;Николаевна;Мадагаскар;1982-03-19;555
95;Чистных;Дмитрий;Тимофеевич;Испания;1991-02-19;596
96;Апакин;Николай;Олегович;Гайана;1996-01-29;959
97;Елунина;Ольга;Романовна;Ботсвана;1981-09-30;965
98;Хаврошкина;Оксана;Алексеевна;Дания;1991-11-16;923
99;Симашкина;Тамара;Егоровна;Монако;1991-09-30;730
100;Радыгина;Галина;Петровна;Аргентина;1998-12-13;366
101;Муренкова;Зинаида;Эдуардовна;Гондурас;1977-05-10;456
102;Брошкова;Зинаида;Вадимовна;Гватемала;1977-05-28;792
103;Савекова;Зинаида;Викторовна;Ливия;1994-12-05;722
104;Бундукова;Вероника;Валерьевна;КНДР;1994-12-11;384
105;Минасуева;Виктория;Егоровна;Северная Македония;1998-10-07;373
106;Негин;Тарас;Юрьевич;Соломоновы Острова;1997-11-26;37
107;Акунов;Павел;Фёдорович;Мавритания;1983-02-28;493
108;Якуткина;Ева;Егоровна;Греция;1981-11-24;705
109;Теревков;Яков;Викторович;Испания;1983-08-06;831
110;Агаренкова;Алиса;Василевна;Кипр;1979-03-15;368
111;Арфулова;Вероника;Максимовна;Албания;1986-11-09;65
112;Шмеляева;Ирина;Михайловна;ОАЭ;1988-01-12;708
113;Чарнышева;Марина;Викторовна;Буркина-Фасо;1979-01-19;959
114;Магрычев;Вадим;Адамович;Лесото;1984-06-11;239
115;Беглярова;София;Никитична;Болгария;1992-08-18;209
116;Ненмасов;Вячеслав;Василиевич;Белиз;1975-05-02;156
117;Фоломина;Оксана;Аркадьевна;Норвегия;1995-06-29;390
118;Хокимова;Алена;Кирилловна;Сирия;1996-01-15;281
119;Ботолов;Никита;Алексиевич;Танзания;1989-11-15;424
120;Лозов;Станислав;Георгиевич;Черногория;1997-03-16;934
121;Назойкина;Ольга;Аркадьевна;Андорра;1978-06-07;310
122;Топыркина;Наталия;Яковлевна;Тувалу;1975-06-11;983
123;Барбин;Роман;Михаилович;Белиз;1984-01-25;159
124;Альмяшев;Юрий;Олегович;Венгрия;1981-03-04;33
125;Саратин;Альберт;Павлович;Камбоджа;1984-06-07;740
126;Хуснулин;Леонид;Евгеньевич;Тринидад и Тобаго;1978-12-06;447
127;Иоанов;Владислав;Юриевич;Йемен;1991-03-11;295
128;Ентяков;Дмитрий;Денисович;Венесуэла;1975-05-06;862
129;Милашова;Мария;Василевна;Мальта;1986-01-16;418
130;Гимадинова;Лиза;Максимовна;Мальдивы;1992-04-12;135
131;Гомонова;София;Михайловна;Тувалу;1991-02-20;28
132;Чурюкина;Анастасия;Максимовна;Мальта;1992-06-19;930
133;Конушева;Софья;Андреевна;Монако;1989-11-04;561
134;Силенина;Наталья;Олеговна;Танзания;1987-10-14;196
135;Борькина;Алёна;Игоревна;Аргентина;1992-05-30;714
136;Плутаев;Борис;Максимович;ОАЭ;1992-08-25;398
137;Каракина;Ольга;Вадимовна;Науру;1992-10-03;146
138;Корышева;Лиза;Егоровна;Сингапур;1974-07-07;367
139;Рахимзанов;Никита;Игоревич;Кипр;1992-11-27;267
140;Корзинева;Алёна;Романовна;Багамские Острова;1980-11-22;823
141;Гладнов;Виктор;Алексиевич;Швейцария;1980-08-11;631
142;Настоящин;Илья;Леонидович;Йемен;1972-04-23;46
143;Локов;Юрий;Игоревич;Турция;1989-07-25;186
144;Колотнев;Руслан;Денисович;Сейшельские Острова;1998-01-22;45
145;Мосохина;Любовь;Алексеевна;Гайана;1972-03-26;771
146;Высокина;Любовь;Василевна;США;1999-12-17;122
147;Федоренков;Николай;Аркадиевич;Гренада;1995-04-17;253
148;Гостеева;Валерия;Олеговна;Лихтенштейн;1991-03-10;18
149;Даренина;Ирина;Алексеевна;Федеративные Штаты Микронезии;1973-12-18;407
150;Далгатова;Лариса;Романовна;Финляндия;1979-05-04;409
151;Бигарева;Клавдия;Леонидовна;Бутан;1987-08-22;670
152;Тамбаева;Катерина;Николаевна;Турция;1993-11-18;318
153;Казявкин;Юрий;Леонидович;Нидерланды;1977-11-22;376
154;Крятина;Евгения;Леонидовна;Непал;1974-05-26;478
155;Губаев;Аркадий;Сергеевич;Боливия;1995-06-20;753
156;Шучаева;Виолетта;Федоровна;Мьянма;1999-07-28;814
157;Асанкова;Виктория;Евгеньевна;Белоруссия;1982-01-24;940
158;Гуряков;Александр;Фёдорович;Чехия;1999-07-14;563
159;Нехчаева;Людмила;Ивановна;Буркина-Фасо;1974-07-13;38
160;Хазин;Никита;Николаевич;Сирия;1995-06-09;119
161;Городнова;Ева;Алексеевна;Папуа;1984-10-14;532
162;Кубынин;Степан;Адамович;Уругвай;1983-07-17;236
163;Огоновский;Вячеслав;Николаевич;Белоруссия;1982-10-13;691
164;Говорюткин;Геннадий;Валериевич;Непал;1978-03-31;80
165;Алябьев;Анатолий;Сергеевич;Кирибати;1978-10-23;945
166;Умнышков;Дмитрий;Олегович;Лесото;1998-04-29;959
167;Занятина;Зинаида;Эдуардовна;Малайзия;1990-12-11;157
168;Матова;Валентина;Дмитриевна;Фиджи;1997-09-23;272
169;Купринов;Артём;Леонидович;Греция;1997-09-16;43
170;Рынькова;Кристина;Сергеевна;Андорра;1984-11-24;982
171;Пятанин;Иван;Виталиевич;Сирия;1973-09-14;390
172;Муранов;Виктор;Сергеевич;Австралия;1978-09-22;968
173;Притулин;Василий;Михаилович;Эфиопия;1981-03-30;792
174;Горелышев;Федор;Адамович;Канада;1978-07-13;518
175;Урлянов;Илья;Аркадиевич;Куба;1995-05-07;845
176;Дуболазов;Григорий;Леонидович;Палау;1999-08-12;224
177;Реденков;Виталий;Викторович;Китай;1997-07-17;49
178;Гнуздева;Ольга;Егоровна;Гвинея;1999-05-09;740
179;Колончева;Оксана;Евгеньевна;Сальвадор;1999-05-06;40
180;Азарухин;Анатолий;Иванович;Ангола;1979-10-02;859
181;Карымулина;Ева;Сергеевна;Науру;1989-10-09;485
182;Водяников;Яков;Валериевич;Сейшельские Острова;1973-07-30;938
183;Суроежский;Константин;Олегович;Уругвай;1977-05-07;960
184;Грималов;Леонид;Тимофеевич;Таджикистан;1991-08-28;829
185;Делюкина;Светлана;Сергеевна;Бахрейн;1985-09-13;201
186;Сунтярова;Валерия;Аркадьевна;Дания;1997-03-12;873
187;Брыкалина;Зинаида;Вадимовна;Словения;1988-06-19;18
188;Рульнов;Никита;Алексеевич;Науру;1983-02-25;763
189;Гребышева;Вероника;Федоровна;Австралия;1972-08-20;544
190;Балехов;Валерий;Евгеньевич;Турция;1977-09-29;155
191;Лебецкий;Владислав;Михаилович;Бразилия;1996-08-15;74
192;Шуварина;Кристина;Федоровна;Камерун;1984-09-11;886
193;Лутецкая;Клара;Валерьевна;Босния и Герцеговина;1987-10-03;875
194;Просников;Герасим;Романович;Гвинея-Бисау;1972-05-26;140
195;Крекнов;Кирилл;Петрович;Гаити;1995-04-19;246
196;Чикармеев;Иван;Валериевич;Тринидад и Тобаго;1987-01-27;612
197;Миакарова;Оксана;Вадимовна;Парагвай;1979-12-14;146
198;Обжорин;Василий;Игоревич;Саудовская Аравия;1984-05-16;277
199;Павлинская;Александра;Ивановна;Лихтенштейн;1993-07-08;651
200;Виданов;Анатолий;Алексиевич;Гайана;1992-12-09;314
201;Козвонина;Анна;Максимовна;Бурунди;1999-04-10;89
202;Беланова;Виолетта;Николаевна;Сингапур;1986-01-13;14
203;Ледин;Ярослав;Данилович;Экваториальная Гвинея;1994-05-20;719
204;Кобылкина;Мария;Ивановна;Маврикий;1992-09-23;468
205;Курапцев;Андрей;Вадимович;Эстония;1978-11-29;38
206;Аленуров;Альберт;Адамович;Япония;1980-01-26;143
207;Кадишев;Руслан;Вадимович;Люксембург;1973-01-01;15
208;Подиткова;Софья;Кирилловна;Бахрейн;1994-11-22;366
209;Коствина;Ольга;Викторовна;Намибия;1973-10-12;825
210;Приухин;Виктор;Иванович;Ямайка;1984-11-18;312
211;Мисягина;Кристина;Сергеевна;Китай;1988-04-14;496
212;Кочуйкова;Ирина;Яковлевна;Афганистан;1974-02-28;725
213;Свиткин;Станислав;Валериевич;Багамские Острова;1982-06-25;290
214;Кощаланов;Константин;Николаевич;Сингапур;1996-10-29;260
215;Земнина;Валентина;Викторовна;Ботсвана;1981-07-01;125
216;Ретуков;Яков;Яковлевич;Куба;1976-12-22;190
217;Туякина;Раиса;Алексеевна;Албания;1984-12-02;228
218;Лепяхов;Пётр;Василиевич;Мали;1972-10-26;538
219;Гигарина;Зинаида;Николаевна;Доминика;1985-05-06;841
220;Вллегов;Олег;Павлович;Эсватини;1982-11-03;24
221;Кадывкина;Лиза;Эдуардовна;Антигуа и Барбуда;1992-05-02;356
222;Коблукова;Ева;Николаевна;Республика Конго;1992-09-23;532
223;Фаниев;Михаил;Денисович;Греция;1983-06-12;135
224;Минушина;Яна;Петровна;Чили;1982-02-13;48
225;Оченовский;Григорий;Леонидович;Куба;1989-05-21;741
226;Судьенкова;Юлия;Сергеевна;Босния и Герцеговина;1973-11-21;839
227;Бухнияров;Ярослав;Кириллович;Швейцария;1990-08-12;248
228;Дроздова;Алла;Яковлевна;Буркина-Фасо;1989-07-10;137
229;Тюкашкина;Елизавета;Николаевна;Мексика;1972-09-08;21
230;Кимайкин;Владимир;Тимофеевич;Гренада;1976-04-11;93
231;Ходеева;Лариса;Яковлевна;Новая Зеландия;1996-10-21;801
232;Долгина;Кира;Игоревна;Украина;1978-07-03;906
233;Гиулина;Алена;Петровна;Судан;1984-12-31;601
234;Алдохин;Георгий;Алексеевич;Никарагуа;1983-11-10;250
235;Бираров;Станислав;Евгеньевич;Чад;1976-11-22;954
236;Ялин;Артём;Леонидович;Литва;1980-09-03;885
237;Хостикоев;Андрей;Романович;Гватемала;1995-10-22;23
238;Риганова;Марина;Петровна;Франция;1973-12-12;885
239;Швабрина;Алёна;Аркадьевна;Белоруссия;1976-04-22;48
240;Карачаков;Виктор;Юриевич;Боливия;1994-01-26;547
241;Мамокина;Лиза;Ивановна;Индия;1996-08-20;842
242;Корнин;Владимир;Василиевич;Эквадор;1982-07-10;356
243;Будиков;Алексей;Георгиевич;Папуа;1986-09-29;743
244;Сахацкая;Марина;Богдановна;Дания;1991-06-05;900
245;Калпинская;Елена;Эдуардовна;Турция;1981-11-17;387
246;Фрумин;Алексей;Леонидович;Лихтенштейн;1973-06-02;249
247;Пучнев;Станислав;Виталиевич;Бенин;1995-03-24;677
248;Тутуев;Дмитрий;Юриевич;Демократическая Республика Конго;1979-02-07;846
249;Галюнина;Раиса;Борисовна;Сенегал;1984-01-21;748
250;Лоболева;Виолетта;Леонидовна;Перу;1988-02-23;808
251;Месроков;Степан;Кириллович;Того;1994-04-03;974
252;Тамашев;Антон;Романович;Восточный Тимор;1981-06-16;517
253;Голанов;Федор;Петрович;США;1988-03-27;708
254;Владарская;Раиса;Вадимовна;Коста-Рика;1999-12-30;591
255;Купенников;Георгий;Валериевич;Туркмения;1994-05-21;718
256;Федчина;Алиса;Ивановна;Никарагуа;1992-03-11;192
257;Снеговский;Андрей;Максимович;Китай;1992-04-23;19
258;Лынская;Клавдия;Михайловна;Индия;1974-02-03;152
259;Самихина;Маргарита;Игоревна;Нигерия;1991-05-05;520
260;Лацепов;Павел;Николаевич;Лесото;1989-12-28;580
261;Нужков;Игорь;Петрович;Непал;1982-12-07;236
262;Травных;Юлия;Аркадьевна;Швейцария;1990-04-06;223
263;Тугуева;Александра;Егоровна;Узбекистан;1990-02-13;869
264;Сотиков;Альберт;Василиевич;Тунис;1991-05-07;829
265;Песошин;Станислав;Сергеевич;Словакия;1984-05-25;844
266;Виргинская;Вероника;Романовна;Словения;1981-01-31;591
267;Акимина;Зинаида;Михайловна;Гондурас;1997-04-08;761
268;Мизерский;Павел;Антонович;Гватемала;1979-11-02;695
269;Чичибабина;Наталия;Дмитриевна;Маврикий;1998-09-21;899
270;Рулленцева;Алина;Леонидовна;Литва;1973-03-16;218
271;Завольская;Виктория;Федоровна;Фиджи;1995-01-14;926
272;Оруджова;Елена;Богдановна;Молдавия;1991-03-08;977
273;Удотова;Наталья;Кирилловна;Таджикистан;1995-09-09;466
274;Нуцкова;Карина;Никитична;Саудовская Аравия;1979-10-11;723
275;Атяскина;Алена;Олеговна;Узбекистан;1992-02-10;729
276;Мищукова;Екатерина;Никитична;Израиль;1977-07-06;505
277;Паршенцев;Герасим;Яковлевич;Норвегия;1982-09-05;888
278;Мрыкина;Вероника;Игоревна;Дания;1980-04-01;890
279;Почников;Герасим;Николаевич;Швейцария;1977-02-26;127
280;Бесчерева;Инна;Борисовна;Бурунди;1976-12-14;765
281;Сереньков;Вячеслав;Адамович;ОАЭ;1985-03-22;179
282;Чимбуров;Андрей;Евгеньевич;Кипр;1976-06-11;706
283;Марусенков;Роман;Михаилович;Сирия;1979-08-17;408
284;Яйцов;Валерий;Викторович;Швейцария;1972-07-14;785
285;Нуриев;Степан;Максимович;Малави;1973-03-13;800
286;Синчуков;Павел;Максимович;Таджикистан;1992-09-25;516
287;Болданова;Алена;Богдановна;Литва;1977-06-15;276
288;Барютин;Николай;Алексеевич;Восточный Тимор;1995-04-20;7
289;Щипахин;Станислав;Кириллович;Норвегия;1983-02-13;748
290;Пеньхова;Зинаида;Игоревна;Федеративные Штаты Микронезии;1972-02-21;10
291;Боцвинов;Пётр;Антонович;КНДР;1989-04-04;49
292;Сысорова;Ксения;Василевна;Люксембург;1984-12-03;581
293;Ибетулина;Жанна;Эдуардовна;Непал;1985-10-22;700
294;Вероятнова;Наталья;Аркадьевна;Чад;1986-02-01;979
295;Курнавин;Тарас;Данилович;Замбия;1981-06-05;499
296;Сафронин;Евгений;Фёдорович;Израиль;1990-05-02;577
297;Корбанова;Маргарита;Федоровна;Сент-Винсент и Гренадины;1999-03-23;129
298;Ведеркина;Людмила;Андреевна;Лихтенштейн;1994-12-25;254
299;Чериканов;Никита;Николаевич;Боливия;1995-04-09;164
300;Симашова;Софья;Кирилловна;Коста-Рика;1990-05-28;105
301;Клепукова;Ирина;Борисовна;Туркмения;1992-03-13;463
302;Подворотов;Ярослав;Виталиевич;Сент-Винсент и Гренадины;1989-08-01;239
303;Алиевский;Артур;Михаилович;Бразилия;1982-03-31;493
304;Славянов;Александр;Денисович;Гвинея-Бисау;1990-10-09;113
305;Иофина;Алёна;Богдановна;Ямайка;1999-01-05;821
306;Волчонкова;Людмила;Олеговна;Мавритания;1975-04-19;215
307;Хулдыбин;Вячеслав;Аркадиевич;Доминика;1974-07-24;526
308;Сакулькина;Вероника;Викторовна;Бенин;1998-10-31;934
309;Голяшина;Виолетта;Алексеевна;ЮАР;1982-05-24;259
310;Дыдыкина;Александра;Андреевна;Сирия;1981-08-04;749
311;Тукаляков;Геннадий;Алексеевич;Нигерия;1999-09-14;182
312;Кафорин;Андрей;Аркадиевич;Австралия;1977-11-08;139
313;Костюшев;Антон;Николаевич;Северная Македония;1979-12-04;500
314;Шутупова;Алиса;Максимовна;Гамбия;1999-03-08;271
315;Букреева;Елена;Андреевна;Центральноафриканская Республика;1972-12-10;507
316;Жуляков;Андрей;Денисович;Мозамбик;1978-12-17;68
317;Спирова;Алиса;Кирилловна;Белиз;1981-07-30;786
318;Шебалкова;Анна;Кирилловна;Кения;1996-02-08;282
319;Муранина;Александра;Вадимовна;Палау;1987-01-25;95
320;Айнюкова;Яна;Аркадьевна;Украина;1981-09-27;7
321;Бурятин;Герасим;Василиевич;Марокко;1981-08-19;516
322;Веньгина;Юлия;Игоревна;Индонезия;1987-09-05;378
323;Ягунина;Наталия;Викторовна;Белоруссия;1979-11-24;362
324;Адрианова;Инна;Михайловна;Китай;1979-11-30;224
325;Камышкина;Кристина;Вадимовна;Румыния;1994-05-08;428
326;Дрябин;Станислав;Аркадиевич;Бразилия;1992-01-11;89
327;Татузов;Игорь;Данилович;ЮАР;1998-08-03;750
328;Зурабова;Алёна;Вадимовна;Боливия;1972-07-11;391
329;Гобачева;Елена;Андреевна;Нигер;1983-05-29;314
330;Щелконогов;Вячеслав;Борисович;Танзания;1993-12-23;511
331;Умеркаев;Руслан;Денисович;ЮАР;1993-08-03;163
332;Кандраев;Павел;Михаилович;Бельгия;1985-07-11;810
333;Сарайская;Евгения;Федоровна;Словакия;1988-10-08;189
334;Хамзаев;Леонид;Вадимович;Индия;1988-07-30;173
335;Копшукова;Виолетта;Петровна;Мадагаскар;1974-05-12;335
336;Кабашин;Максим;Виталиевич;Гренада;1996-08-31;601
337;Бутыгин;Евгений;Георгиевич;Намибия;1979-05-29;778
338;Княжицкая;Ева;Олеговна;Черногория;1998-10-12;909
339;Еврейчиков;Денис;Леонидович;Центральноафриканская Республика;1989-04-11;129
340;Печковский;Павел;Юрьевич;Казахстан;1996-10-23;19
341;Карзухин;Виктор;Олегович;Мальта;1974-03-25;796
342;Готовуева;Софья;Кирилловна;Маврикий;1991-03-18;946
343;Нармин;Борис;Яковлевич;Эквадор;1986-06-05;479
344;Зерщикова;Анастасия;Михайловна;Эквадор;1981-06-26;167
345;Ивлиева;Софья;Максимовна;Казахстан;1989-10-18;807
346;Фогулин;Вячеслав;Олегович;Россия;1977-04-09;739
347;Ионцев;Артур;Денисович;Албания;1990-08-28;952
348;Мишискина;Людмила;Михайловна;Доминика;1988-12-16;35
349;Ресницкая;Елена;Борисовна;Центральноафриканская Республика;1999-05-02;114
350;Ельменов;Григорий;Павлович;Киргизия;1995-03-11;333
351;Ахмазов;Пётр;Адамович;Румыния;1979-09-21;990
352;Светышева;Вера;Кирилловна;Канада;1995-07-29;78
353;Пырьев;Семён;Аркадиевич;Нигер;1995-02-14;504
354;Шипяков;Федор;Антонович;Эквадор;1992-04-24;573
355;Почикалова;Инна;Андреевна;Исландия;1975-04-22;605
356;Забайрова;Алиса;Богдановна;Эквадор;1999-09-26;527
357;Боярский;Денис;Антонович;Словакия;1989-12-21;405
358;Гольцов;Игорь;Антонович;Ангола;1977-12-26;158
359;Брусенский;Алексей;Николаевич;Йемен;1975-02-16;11
360;Быстрюков;Денис;Алексиевич;Эсватини;1975-07-30;647
361;Потапкова;Марина;Алексеевна;Таджикистан;1978-04-20;747
362;Писемский;Антон;Олегович;Мальдивы;1988-06-21;277
363;Елькова;Евгения;Федоровна;Бутан;1977-12-06;364
364;Логлинова;Виолетта;Валерьевна;Федеративные Штаты Микронезии;1977-04-14;833
365;Кырлежева;София;Дмитриевна;Литва;1988-11-03;208
366;Лысухина;Юлия;Максимовна;Бразилия;1974-04-22;166
367;Токаев;Максим;Валериевич;Турция;1978-08-22;863
368;Зжотов;Федор;Максимович;Панама;1972-12-24;671
369;Дябичев;Павел;Романович;Греция;1983-09-27;10
370;Скозабцова;Алла;Николаевна;Вануату;1976-08-06;6
371;Заглодин;Борис;Аркадиевич;Украина;1973-04-07;41
372;Овачова;Алла;Вадимовна;Самоа;1979-08-25;192
373;Надубов;Станислав;Максимович;Багамские Острова;1974-06-07;484
374;Баклушин;Геннадий;Леонидович;Индия;1993-08-08;567
375;Ганнкина;Евгения;Богдановна;Руанда;1972-05-07;670
376;Хошимов;Аркадий;Романович;Непал;1997-04-14;425
377;Игнатьков;Алексей;Юриевич;Эсватини;1972-07-05;751
378;Паинский;Владимир;Борисович;Бруней;1983-09-24;771
379;Скулапова;Инна;Алексеевна;Израиль;1980-05-07;738
380;Елдунова;Дарья;Борисовна;Эсватини;1972-03-03;757
381;Бирюлин;Вячеслав;Георгиевич;Коморы;1984-07-17;520
382;Ририкова;Ева;Василевна;Бангладеш;1978-07-29;646
383;Скулганов;Антон;Адамович;Южный Судан;1979-11-07;166
384;Асляхова;Кристина;Викторовна;Бахрейн;1989-11-26;726
385;Татиков;Анатолий;Данилович;Маврикий;1991-01-20;895
386;Онисимов;Борис;Викторович;Сербия;1972-01-15;696
387;Ревковский;Владимир;Михаилович;Киргизия;1996-04-21;206
388;Лишанина;Клара;Андреевна;Болгария;1972-11-06;226
389;Тятина;Марина;Олеговна;Туркмения;1988-09-06;95
390;Тарашкова;Елизавета;Дмитриевна;Гондурас;1999-02-20;22
391;Седнина;Надежда;Федоровна;Гаити;1981-01-14;117
392;Ледзинский;Максим;Василиевич;Сан-Томе и Принсипи;1975-09-06;17
393;Гнилитский;Валентин;Аркадиевич;Мьянма;1983-02-15;695
394;Гилязова;Софья;Романовна;Багамские Острова;1982-07-12;94
395;Трисвяцкий;Герасим;Яковлевич;Нигерия;1974-02-21;253
396;Грибанов;Кирилл;Денисович;Соломоновы Острова;1999-08-20;545
397;Валишева;Мария;Леонидовна;Румыния;1995-05-01;690
398;Костетцкая;Анастасия;Максимовна;Йемен;1972-06-27;564
399;Бакеркина;Мария;Андреевна;Малайзия;1976-07-12;796
400;Баруцкий;Максим;Тимофеевич;Эритрея;1985-07-24;261
401;Урманчева;Наталья;Олеговна;Монголия;1981-08-28;334
402;Ревенков;Степан;Михаилович;Танзания;1973-05-15;227
403;Гвоздов;Павел;Фёдорович;Вануату;1975-03-01;64
404;Микрина;Карина;Николаевна;Ливия;1989-09-17;130
405;Журухина;Софья;Николаевна;Судан;1978-05-21;606
406;Виргильева;Наталья;Михайловна;Танзания;1985-07-27;204
407;Тагибекова;Светлана;Алексеевна;Южный Судан;1990-12-24;331
408;Обыдин;Константин;Михаилович;Самоа;1986-07-05;408
409;Максенцов;Юрий;Аркадиевич;Зимбабве;1997-03-23;148
410;Мелкулова;Светлана;Богдановна;Мальта;1987-06-17;276
411;Климакин;Михаил;Данилович;Багамские Острова;1992-04-22;460
412;Янглеева;София;Андреевна;Малави;1996-03-20;917
413;Горюшина;Полина;Викторовна;Египет;1989-07-28;582
414;Жиндарев;Семён;Кириллович;Республика Конго;1995-12-07;180
415;Оскина;Клара;Максимовна;Андорра;1981-12-17;894
416;Сибгатулин;Василий;Георгиевич;Сомали;1989-01-14;793
417;Арсенькина;Инна;Романовна;Андорра;1991-05-05;609
418;Гомаюров;Георгий;Алексеевич;Таджикистан;1998-05-11;467
419;Кабанин;Дмитрий;Тимофеевич;Уганда;1995-12-19;937
420;Рейнская;Лиза;Андреевна;Иордания;1985-02-18;564
421;Утелкова;Екатерина;Дмитриевна;Вануату;1991-01-27;49
422;Имутина;Полина;Вадимовна;Кения;1993-04-01;729
423;Андриашина;Клавдия;Богдановна;Мальта;1981-10-18;208
424;Бурменкова;Вероника;Егоровна;Антигуа и Барбуда;1999-06-18;155
425;Баронкин;Семён;Павлович;Иран;1996-03-27;426
426;Брилов;Константин;Фёдорович;Эритрея;1995-04-27;109
427;Заринова;Валентина;Василевна;Суринам;1992-04-18;526
428;Лядвинская;Полина;Алексеевна;Мексика;1992-06-20;923
429;Куякина;Елена;Викторовна;Ангола;1995-12-24;148
430;Бадалов;Юрий;Викторович;ОАЭ;1995-05-20;164
431;Турчанинов;Евгений;Игоревич;Эквадор;1979-07-18;886
432;Басстаева;Наталья;Евгеньевна;Таиланд;1998-02-20;810
433;Таркина;Алла;Михайловна;Коморы;1982-08-17;623
434;Мирбадалев;Артём;Аркадиевич;Турция;1972-07-23;780
435;Советлова;Кира;Федоровна;Мальдивы;1987-10-23;663
436;Галакина;Людмила;Федоровна;Гондурас;1982-07-15;553
437;Дрючин;Владимир;Валериевич;Ирак;1991-12-29;327
438;Хутарев;Дмитрий;Фёдорович;Швейцария;1993-05-25;267
439;Лейбов;Федор;Денисович;Экваториальная Гвинея;1996-06-05;735
440;Карьянов;Олег;Алексеевич;Гватемала;1991-07-01;412
441;Ферова;Виктория;Василевна;Сомали;1982-02-26;841
442;Панцелеев;Никита;Андреевич;Оман;1986-10-04;104
443;Патанин;Анатолий;Олегович;Сирия;1988-02-29;69
444;Зонин;Игорь;Игоревич;Боливия;1984-06-13;129
445;Шкапова;Анастасия;Никитична;Танзания;1996-10-03;111
446;Бужурина;Клавдия;Егоровна;Непал;1996-02-02;106
447;Бикташов;Григорий;Тимофеевич;Южный Судан;1992-09-01;952
448;Чемборова;Зинаида;Федоровна;Суринам;1976-05-10;100
449;Алекбарова;Наталья;Леонидовна;Эритрея;1984-10-31;303
450;Карасиков;Пётр;Яковлевич;Дания;1980-04-13;57
451;Анищенкова;Александра;Романовна;Китай;1986-07-02;980
452;Чеклатова;Светлана;Андреевна;Бенин;1998-06-02;274
453;Синичева;Виктория;Ивановна;Барбадос;1999-01-22;254
454;Ротовцева;Карина;Богдановна;Нигер;1988-02-13;772
455;Тутанина;Инна;Василевна;Парагвай;1974-05-02;863
456;Шекерская;Валентина;Евгеньевна;Бразилия;1984-05-21;620
457;Ахмяков;Руслан;Иванович;Нигер;1995-07-02;68
458;Федоркин;Вадим;Сергеевич;Сан-Марино;1973-10-19;31
459;Ленская;Марина;Валерьевна;Мадагаскар;1979-01-18;656
460;Грановская;Яна;Никитична;Сенегал;1984-10-12;691
461;Приткина;Раиса;Борисовна;Куба;1992-04-10;755
462;Тюмянцева;Наталья;Никитична;Саудовская Аравия;1997-11-07;890
463;Шундрина;Мария;Дмитриевна;Буркина-Фасо;1973-04-03;528
464;Шелихин;Кирилл;Адамович;Пакистан;1975-06-05;965
465;Рухмакова;Клара;Аркадьевна;Доминиканская Республика;1976-10-16;710
466;Таржиманов;Евгений;Кириллович;Эстония;1979-01-21;233
467;Чемодаков;Никита;Максимович;Белиз;1989-03-15;349
468;Рупова;Алена;Андреевна;Словакия;1988-07-04;634
469;Жаринский;Олег;Юриевич;Россия;1987-08-20;45
470;Шлеков;Юрий;Вадимович;Восточный Тимор;1979-03-20;471
471;Ножикова;Яна;Андреевна;Бенин;1982-04-23;913
472;Эгина;Елизавета;Федоровна;Эстония;1980-08-24;713
473;Марагаева;Зинаида;Максимовна;Камерун;1989-08-04;814
474;Русакулова;Дарья;Богдановна;Кения;1984-06-20;785
475;Нецепляев;Герасим;Юриевич;Самоа;1973-01-11;409
476;Ванчуркина;Елизавета;Евгеньевна;Тринидад и Тобаго;1981-04-25;820
477;Тузков;Евгений;Алексиевич;Кувейт;1972-06-26;476
478;Шалыганов;Александр;Вадимович;Эфиопия;1996-02-12;28
479;Ларенков;Тарас;Алексиевич;Мальта;1977-06-21;324
480;Дарахчиев;Алексей;Петрович;Палау;1990-04-05;166
481;Мосяйкин;Валентин;Фёдорович;Хорватия;1993-05-02;320
482;Лагдышев;Никита;Данилович;Австрия;1997-03-17;176
483;Перемышева;Инна;Эдуардовна;Восточный Тимор;1995-08-26;212
484;Трешова;Алёна;Федоровна;КНДР;1997-07-24;15
485;Жатова;Галина;Вадимовна;Тунис;1987-06-07;83
486;Шагалин;Дмитрий;Алексиевич;Камерун;1984-08-17;271
487;Кулжинская;Лариса;Николаевна;Турция;1988-07-13;553
488;Пядышев;Александр;Петрович;Гвинея;1984-12-31;496
489;Вотринский;Ярослав;Антонович;Швейцария;1983-06-04;429
490;Тылаева;Виолетта;Эдуардовна;Зимбабве;1988-07-26;135
491;Колыбанов;Илья;Юриевич;Ямайка;1992-08-29;693
492;Грезнева;Юлия;Кирилловна;Ливан;1977-10-06;203
493;Гурылева;Карина;Викторовна;Молдавия;1984-02-08;73
494;Розовская;Людмила;Борисовна;Сент-Китс и Невис;1977-12-03;646
495;Оттеев;Валерий;Адамович;Таиланд;1975-03-13;304
496;Гарусева;Карина;Валерьевна;Черногория;1973-05-14;358
497;Аптина;Юлия;Богдановна;Лесото;1974-05-01;685
498;Таисов;Константин;Юриевич;Уругвай;1980-12-07;940
499;Михопарова;Маргарита;Леонидовна;Бахрейн;1985-02-20;215
500;Тютюнькина;София;Николаевна;Демократическая Республика Конго;1992-12-29;999
501;Стужина;Тамара;Михайловна;Индонезия;1997-02-18;164
502;Уразматов;Анатолий;Леонидович;Хорватия;1995-11-30;911
503;Мерлушкина;Лиза;Алексеевна;Соломоновы Острова;1972-09-21;316
504;Стесяков;Станислав;Тимофеевич;Чехия;1977-08-16;376
505;Верзилин;Степан;Валериевич;Гренада;1987-07-24;551
506;Люцкий;Валерий;Виталиевич;Федеративные Штаты Микронезии;1989-03-22;825
507;Триханкина;Надежда;Викторовна;Вануату;1987-06-15;839
508;Внкшарев;Георгий;Максимович;Белоруссия;1979-04-18;506
509;Урлапов;Владислав;Аркадиевич;Сан-Томе и Принсипи;1990-02-12;705
510;Нагебов;Виктор;Алексиевич;Ботсвана;1983-11-15;681
511;Смоктунова;Алина;Николаевна;Никарагуа;1974-03-06;723
512;Урлапова;Вера;Валерьевна;Афганистан;1983-04-05;894
513;Кепова;Дарья;Кирилловна;Восточный Тимор;1981-12-23;995
514;Чуженьков;Пётр;Михаилович;Эстония;1989-07-21;257
515;Озеренский;Артём;Денисович;Южный Судан;1997-10-08;545
516;Буравкин;Илья;Вадимович;Маршалловы Острова;1995-01-31;308
517;Ларева;Ева;Кирилловна;Япония;1972-02-08;422
518;Карбашова;Александра;Богдановна;Колумбия;1997-09-30;640
519;Кайсарова;Вероника;Вадимовна;Панама;1997-04-16;11
520;Кутолина;Кристина;Леонидовна;Куба;1979-12-23;397
521;Долбукова;Ирина;Игоревна;Тонга;1986-05-25;201
522;Узаров;Пётр;Антонович;Белоруссия;1975-05-27;163
523;Кирпичев;Ярослав;Борисович;Панама;1984-12-28;267
524;Богапин;Александр;Евгеньевич;Мозамбик;1973-01-17;513
525;Грявцев;Александр;Яковлевич;Багамские Острова;1978-03-18;342
526;Выровщиков;Семён;Антонович;Ирак;1972-05-14;507
527;Свльхова;Вера;Николаевна;Сент-Китс и Невис;1981-01-02;947
528;Плетников;Борис;Виталиевич;Венесуэла;1976-01-18;562
529;Морухов;Георгий;Романович;Гаити;1990-10-29;963
530;Сайфулов;Алексей;Викторович;Кения;1986-06-01;143
531;Долполова;Людмила;Вадимовна;Лихтенштейн;1994-12-25;623
532;Якевлева;Галина;Яковлевна;Йемен;1981-12-28;2
533;Холодинов;Валерий;Сергеевич;Гвинея-Бисау;1972-11-27;211
534;Минязов;Игорь;Данилович;Эфиопия;1993-06-26;244
535;Ненашев;Анатолий;Олегович;Уругвай;1996-02-20;605
536;Мацокин;Григорий;Данилович;Ангола;1988-09-22;525
537;Ижерская;Мария;Олеговна;Южный Судан;1981-01-09;132
538;Томозова;Софья;Петровна;Сенегал;1995-06-13;560
539;Собицкий;Вадим;Данилович;Панама;1984-02-05;661
540;Контюшева;Алла;Василевна;Таиланд;1975-03-02;340
541;Цыбова;Маргарита;Кирилловна;Йемен;1995-04-28;280
542;Утропова;Елена;Андреевна;Вьетнам;1984-03-29;67
543;Скабицкая;Ксения;Дмитриевна;Сан-Марино;1977-08-04;202
544;Фелипкова;Алла;Сергеевна;Россия;1986-04-08;30
545;Абрамычев;Вячеслав;Яковлевич;Бразилия;1977-07-02;53
546;Курьянцев;Федор;Николаевич;Барбадос;1994-06-19;261
547;Биндасов;Владислав;Виталиевич;Нигерия;1978-02-25;170
548;Тарапуров;Николай;Николаевич;Экваториальная Гвинея;1983-06-24;622
549;Морохов;Валерий;Георгиевич;Боливия;1987-01-18;380
550;Ямолтынова;Валентина;Романовна;Габон;1973-03-01;518
551;Погапин;Евгений;Михаилович;Белоруссия;1973-08-10;445
552;Лососкова;Тамара;Валерьевна;Барбадос;1999-02-20;233
553;Калагова;София;Дмитриевна;Дания;1976-02-07;705
554;Белявская;София;Никитична;Непал;1979-07-13;590
555;Шибаков;Юрий;Иванович;Доминика;1989-11-19;930
556;Пеев;Валентин;Валериевич;Замбия;1999-05-22;988
557;Алтынников;Владимир;Сергеевич;Кот-д’Ивуар;1996-08-24;252
558;Тирдатова;Софья;Михайловна;Сомали;1972-12-19;239
559;Шикторова;Виолетта;Сергеевна;Демократическая Республика Конго;1996-12-16;626
560;Ануфринова;Елизавета;Алексеевна;Албания;1992-06-16;973
561;Сермавкин;Максим;Данилович;Эстония;1992-05-30;327
562;Татиколова;Светлана;Вадимовна;Соломоновы Острова;1984-03-18;766
563;Закутайлов;Артём;Викторович;Белоруссия;1997-11-27;126
564;Лучишкина;Кира;Эдуардовна;Украина;1991-04-19;913
565;Дидиомова;Лиза;Николаевна;Коста-Рика;1999-07-02;291
566;Бретенков;Вячеслав;Игоревич;Бенин;1974-04-07;819
567;Хорошенков;Степан;Фёдорович;Лаос;1978-11-11;287
568;Гвоздов;Максим;Георгиевич;Суринам;1986-07-26;17
569;Тарантуев;Юрий;Юрьевич;Кувейт;1989-12-02;979
570;Крупнина;Яна;Николаевна;Чад;1979-08-22;854
571;Игашев;Альберт;Адамович;Гвинея;1985-06-15;795
572;Леляичева;Кристина;Василевна;Италия;1976-09-09;276
573;Катюшкина;Яна;Вадимовна;Федеративные Штаты Микронезии;1985-08-20;396
574;Иванкина;Жанна;Богдановна;Маршалловы Острова;1973-12-12;57
575;Ляхоцкий;Герасим;Вадимович;Гондурас;1998-08-17;369
576;Кочервин;Виктор;Кириллович;Сент-Люсия;1991-11-18;591
577;Вальчихина;Инна;Вадимовна;Ливан;1977-09-18;842
578;Турлова;Екатерина;Никитична;Колумбия;1974-07-13;173
579;Ярахтин;Олег;Романович;Малайзия;1980-03-15;688
580;Маскайкин;Никита;Василиевич;Белоруссия;1999-06-04;94
581;Ивайкин;Денис;Валериевич;Ботсвана;1991-03-08;788
582;Ловцев;Михаил;Борисович;Маврикий;1972-10-14;91
583;Вепринский;Валерий;Виталиевич;Киргизия;1999-03-03;734
584;Бельнов;Ярослав;Михаилович;Молдавия;1980-02-27;929
585;Ступинская;Вера;Богдановна;Маршалловы Острова;1987-06-07;523
586;Глодалова;Зинаида;Игоревна;ЮАР;1986-08-06;366
587;Рогожинков;Николай;Василиевич;Бахрейн;1994-10-24;31
588;Жогличев;Владислав;Иванович;Гвинея-Бисау;1981-08-21;539
589;Валевская;Вера;Евгеньевна;Самоа;1984-02-20;218
590;Филатьева;Ирина;Богдановна;Босния и Герцеговина;1988-12-03;76
591;Евсейкина;Алла;Дмитриевна;Республика Корея;1972-05-21;4
592;Кабинин;Ярослав;Иванович;Джибути;1988-10-07;476
593;Локотилова;Евгения;Олеговна;Перу;1991-04-24;716
594;Уразова;Полина;Яковлевна;Лесото;1984-12-15;164
595;Сторогин;Семён;Алексиевич;Узбекистан;1977-06-27;672
596;Ижерская;Вера;Федоровна;Сьерра-Леоне;1980-08-06;359
597;Анваров;Степан;Леонидович;Новая Зеландия;1990-08-09;730
598;Дайдбекова;Лиза;Игоревна;Монголия;1974-12-02;277
599;Однашова;Клара;Василевна;Австрия;1992-07-10;148
600;Скударев;Альберт;Иванович;Греция;1983-02-11;187
601;Гонакова;Тамара;Алексеевна;Судан;1995-04-19;995
602;Мермекина;Елизавета;Андреевна;Ботсвана;1976-04-07;207
603;Сполохова;Наталья;Викторовна;Парагвай;1974-05-24;591
604;Обловацкий;Илья;Николаевич;Демократическая Республика Конго;1974-09-25;114
605;Рышков;Виктор;Иванович;Мали;1994-08-18;887
606;Продувалов;Артём;Игоревич;Ливан;1984-03-06;153
607;Седлецкая;Людмила;Леонидовна;Колумбия;1982-04-04;807
608;Митриева;Любовь;Кирилловна;Черногория;1993-10-25;764
609;Атаманская;Надежда;Богдановна;Украина;1995-02-02;748
610;Мемыкина;Валентина;Романовна;Белоруссия;1989-06-08;458
611;Шуртыгин;Максим;Георгиевич;Литва;1986-10-07;413
612;Едамова;Ева;Леонидовна;Республика Конго;1976-01-02;545
613;Бачевская;Любовь;Василевна;Кот-д’Ивуар;1986-04-01;434
614;Огиджанов;Тарас;Антонович;Лихтенштейн;1989-12-18;363
615;Головицын;Борис;Адамович;Новая Зеландия;1982-12-30;701
616;Гурьев;Артём;Алексиевич;Республика Корея;1997-03-25;65
617;Сейлянова;Ольга;Ивановна;Кувейт;1984-02-28;255
618;Кляцов;Виктор;Иванович;Мьянма;1974-02-17;97
619;Горбацкая;Кира;Дмитриевна;Того;1986-09-11;162
620;Пасивкин;Артём;Борисович;Папуа;1980-02-07;721
621;Танаев;Павел;Алексеевич;Вануату;1994-12-05;148
622;Брилянкова;Ирина;Кирилловна;Барбадос;1990-05-28;218
623;Закутайлов;Григорий;Михаилович;Бутан;1972-11-20;621
624;Шмаргунова;Юлия;Алексеевна;Люксембург;1985-12-25;717
625;Именитов;Артур;Павлович;Уганда;1977-01-27;49
626;Бобрятов;Пётр;Николаевич;Барбадос;1993-07-29;86
627;Цубульский;Дмитрий;Тимофеевич;Зимбабве;1992-12-11;945
628;Позябин;Валентин;Олегович;Сент-Китс и Невис;1975-01-13;309
629;Садрдинов;Георгий;Максимович;Куба;1982-01-25;699
630;Бешков;Леонид;Михаилович;Аргентина;1989-07-25;945
631;Полеева;Кира;Егоровна;Венгрия;1980-08-19;889
632;Ляиенский;Леонид;Яковлевич;Камбоджа;1997-06-12;928
633;Цараева;Людмила;Николаевна;Сейшельские Острова;1983-10-02;918
634;Забалуева;Виолетта;Никитична;Бангладеш;1979-07-16;574
635;Чехонин;Вячеслав;Андреевич;Армения;1997-08-01;950
636;Фатегдинов;Станислав;Леонидович;Парагвай;1981-07-15;701
637;Гололодова;Дарья;Игоревна;Папуа;1974-07-18;242
638;Кусюмова;Виктория;Богдановна;Гайана;1998-01-22;422
639;Денюкова;Лиза;Богдановна;Вануату;1991-08-06;448
640;Дунайский;Евгений;Кириллович;Малави;1999-06-14;194
641;Вахитов;Валентин;Антонович;Израиль;1985-03-29;658
642;Муковожова;Клара;Валерьевна;Белиз;1977-03-04;224
643;Валушков;Валентин;Евгеньевич;Новая Зеландия;1987-12-12;211
644;Шафилулина;Валерия;Вадимовна;Болгария;1991-04-22;829
645;Нелюпина;Виктория;Максимовна;Гайана;1986-06-01;734
646;Бабровская;Зинаида;Валерьевна;Вьетнам;1976-05-27;436
647;Лебедкова;Мария;Андреевна;Польша;1973-10-12;14
648;Иевлева;Кира;Федоровна;Лихтенштейн;1987-05-18;542
649;Святицкая;Алина;Леонидовна;Ангола;1979-06-27;431
650;Дунчева;Оксана;Эдуардовна;Киргизия;1975-02-14;645
651;Титюхина;Ксения;Борисовна;Кот-д’Ивуар;1994-03-02;769
652;Казбаева;Любовь;Никитична;Тувалу;1976-09-22;899
653;Разыщекова;Ксения;Леонидовна;Республика Корея;1991-01-20;387
654;Антоньева;Виктория;Андреевна;Белоруссия;1978-02-06;608
655;Наджина;Людмила;Олеговна;Шри-Ланка;1975-09-23;408
656;Вьюлкова;Екатерина;Борисовна;Киргизия;1986-03-23;647
657;Пиякина;Валентина;Вадимовна;Судан;1987-03-05;801
658;Ворончихин;Евгений;Кириллович;Тринидад и Тобаго;1986-02-06;511
659;Голкин;Андрей;Виталиевич;Мальдивы;1999-08-07;685
660;Закелов;Роман;Михаилович;Эстония;1994-03-22;744
661;Выгонов;Леонид;Кириллович;Республика Конго;1993-01-11;921
662;Перепадин;Леонид;Петрович;Северная Македония;1996-05-14;967
663;Фащевская;Мария;Николаевна;Маршалловы Острова;1977-02-08;427
664;Брусакова;Александра;Алексеевна;Тонга;1986-07-11;142
665;Траторов;Валерий;Борисович;Зимбабве;1983-02-05;887
666;Меркеев;Николай;Евгеньевич;Румыния;1973-04-13;767
667;Сапрончев;Геннадий;Яковлевич;Саудовская Аравия;1972-08-26;622
668;Гатиятов;Кирилл;Сергеевич;Белиз;1985-01-13;868
669;Нагубнева;Мария;Евгеньевна;Румыния;1995-10-16;513
670;Клубочкина;Анна;Андреевна;Гайана;1983-04-30;584
671;Габлин;Герасим;Яковлевич;Египет;1985-05-31;195
672;Гулюгин;Артур;Алексеевич;Гамбия;1996-01-13;417
673;Бемова;Раиса;Максимовна;Пакистан;1991-02-05;587
674;Фимемонова;Алена;Богдановна;Эсватини;1979-09-27;59
675;Айбашева;Валерия;Евгеньевна;Сан-Томе и Принсипи;1984-07-06;886
676;Катчиев;Артём;Сергеевич;Сан-Томе и Принсипи;1978-04-19;106
677;Малыхин;Антон;Денисович;Гаити;1977-11-19;671
678;Сипиева;Юлия;Игоревна;Азербайджан;1993-08-07;367
679;Абидулова;Кристина;Аркадьевна;Мальта;1977-08-06;780
680;Билабаева;Раиса;Максимовна;Габон;1973-08-27;931
681;Федоровых;Герасим;Фёдорович;Иран;1999-07-22;360
682;Новоженин;Вячеслав;Денисович;Германия;1996-10-14;99
683;Челиченков;Евгений;Андреевич;Чили;1999-04-09;481
684;Курмалеев;Никита;Андреевич;Гватемала;1981-08-28;786
685;Ремезов;Михаил;Василиевич;Эфиопия;1991-03-23;31
686;Пологонкин;Игорь;Олегович;Куба;1984-07-11;293
687;Федоринцев;Герасим;Данилович;Парагвай;1986-07-06;947
688;Сминева;Ксения;Николаевна;Греция;1987-07-11;660
689;Митяшкин;Геннадий;Василиевич;Австрия;1991-10-15;659
690;Мекушев;Яков;Валериевич;Замбия;1985-06-23;909
691;Шевкунов;Кирилл;Антонович;Марокко;1973-08-07;778
692;Гунин;Павел;Аркадиевич;Ямайка;1987-06-18;379
693;Батляев;Артём;Фёдорович;Федеративные Штаты Микронезии;1994-04-21;408
694;Жечков;Вадим;Игоревич;Румыния;1993-10-03;833
695;Наджина;Надежда;Викторовна;Антигуа и Барбуда;1981-03-12;862
696;Маховский;Виктор;Олегович;Марокко;1983-03-28;661
697;Моллачиева;Катерина;Аркадьевна;Коста-Рика;1989-04-28;953
698;Шабунева;Анастасия;Никитична;Шри-Ланка;1988-11-25;868
699;Мисяшина;Валентина;Николаевна;Япония;1975-10-10;53
700;Тязина;Полина;Олеговна;Палау;1975-12-31;864
701;Дубровин;Валерий;Николаевич;Сан-Марино;1993-08-03;735
702;Халапсина;Мария;Федоровна;Антигуа и Барбуда;1989-04-19;220
703;Аришин;Степан;Борисович;Сент-Винсент и Гренадины;1994-07-15;631
704;Кавакбаева;Тамара;Олеговна;Северная Македония;1997-09-30;31
705;Ежегодова;Анна;Валерьевна;Лаос;1993-10-28;466
706;Тельпин;Андрей;Данилович;Габон;1980-01-28;110
707;Волочейкин;Кирилл;Леонидович;Чехия;1977-10-11;364
708;Семиончева;Жанна;Василевна;Босния и Герцеговина;1988-02-01;232
709;Борунков;Владислав;Игоревич;Шри-Ланка;1982-08-17;646
710;Аннов;Ярослав;Юрьевич;Мальдивы;1985-03-06;163
711;Курдапова;Алёна;Никитична;Украина;1977-11-14;295
712;Кукшев;Станислав;Антонович;Уругвай;1975-05-19;5
713;Бахланов;Семён;Борисович;Монголия;1978-03-02;723
714;Гремячева;Марина;Игоревна;Экваториальная Гвинея;1976-02-07;820
715;Лахурин;Герасим;Василиевич;Латвия;1990-01-13;605
716;Травнин;Денис;Алексиевич;Ливан;1973-01-26;729
717;Севальнева;Елена;Сергеевна;Папуа;1975-02-20;452
718;Ивмошов;Валентин;Сергеевич;Польша;1985-03-22;78
719;Шедикова;Елена;Максимовна;Тонга;1991-01-12;456
720;Игналеева;Наталия;Максимовна;Малави;1997-04-08;342
721;Кисьянцев;Владислав;Петрович;Руанда;1983-02-15;141
722;Швайликов;Вячеслав;Денисович;Сент-Китс и Невис;1975-04-17;527
723;Листратов;Пётр;Сергеевич;Буркина-Фасо;1986-06-04;638
724;Евдакова;Вера;Андреевна;Эфиопия;1993-06-23;695
725;Лакутин;Павел;Павлович;Куба;1977-09-06;105
726;Киндралов;Денис;Адамович;Колумбия;1973-01-05;63
727;Амершаева;Алла;Валерьевна;Демократическая Республика Конго;1986-10-13;775
728;Каулин;Артём;Викторович;Науру;1986-05-23;160
729;Молканова;Софья;Эдуардовна;КНДР;1993-04-11;696
730;Падучих;Кирилл;Антонович;Словакия;1991-04-01;718
731;Облакова;Алла;Игоревна;Саудовская Аравия;1976-04-15;500
732;Щиржецкий;Никита;Денисович;Великобритания;1976-10-09;6
733;Гудев;Герасим;Тимофеевич;США;1992-05-30;681
734;Протуарова;Дарья;Николаевна;Сент-Винсент и Гренадины;1972-02-19;386
735;Чекуряев;Виктор;Михаилович;Сент-Китс и Невис;1983-11-21;785
736;Трещенков;Никита;Тимофеевич;Сент-Люсия;1974-01-01;767
737;Водынская;Галина;Евгеньевна;Испания;1984-05-04;651
738;Ощерин;Валентин;Юриевич;Австрия;1985-05-05;114
739;Куряев;Максим;Андреевич;Словакия;1976-06-02;487
740;Залетаева;Оксана;Эдуардовна;Индия;1980-06-17;877
741;Щеглаков;Олег;Яковлевич;Уганда;1983-11-11;967
742;Иляхинская;Наталья;Андреевна;Ирак;1977-01-02;223
743;Куртаков;Альберт;Михаилович;Панама;1999-08-18;474
744;Нехочина;Светлана;Игоревна;Вьетнам;1985-08-04;908
745;Домовцева;Лариса;Евгеньевна;Сан-Томе и Принсипи;1980-09-11;864
746;Бобина;Алла;Валерьевна;Саудовская Аравия;1988-11-13;578
747;Соккратова;Ирина;Кирилловна;Чехия;1986-10-22;45
748;Куникеева;Валентина;Василевна;Узбекистан;1995-04-13;695
749;Горельков;Эдуард;Яковлевич;Монголия;1987-09-01;139
750;Норманова;Евгения;Валерьевна;Колумбия;1999-07-23;562
751;Бадябина;Галина;Петровна;Сербия;1979-03-18;627
752;Арифуллина;Любовь;Егоровна;Дания;1983-09-07;788
753;Плыкин;Константин;Олегович;Сомали;1995-10-04;836
754;Арифджанов;Константин;Георгиевич;Кувейт;1999-05-18;8
755;Кирцов;Александр;Вадимович;Сингапур;1977-01-09;950
756;Бармичев;Виктор;Аркадиевич;Бруней;1977-08-12;295
757;Вискалина;Полина;Вадимовна;Никарагуа;1987-10-25;118
758;Галетов;Леонид;Юрьевич;Литва;1995-08-25;566
759;Ивандаев;Владислав;Кириллович;Турция;1996-06-11;299
760;Шабанова;Юлия;Петровна;Катар;1992-06-12;728
761;Башоров;Тарас;Фёдорович;Панама;1995-04-12;803
762;Курбанов;Леонид;Андреевич;Кабо-Верде;1993-10-21;371
763;Бикерова;Валентина;Василевна;Кувейт;1989-04-24;252
764;Минцева;Полина;Максимовна;Уругвай;1973-12-26;702
765;Стефеев;Альберт;Николаевич;Гаити;1994-08-04;111
766;Распивина;Алина;Никитична;КНДР;1997-07-05;60
767;Ягужинская;Светлана;Валерьевна;Демократическая Республика Конго;1998-11-08;579
768;Боголенов;Илья;Николаевич;Соломоновы Острова;1993-12-04;251
769;Мазанов;Георгий;Данилович;Республика Конго;1996-11-14;583
770;Шаханов;Степан;Сергеевич;Эфиопия;1990-10-09;888
771;Взметнева;Валерия;Богдановна;Малави;1974-12-09;551
772;Давудова;Катерина;Николаевна;Сан-Марино;1975-01-01;301
773;Градсков;Антон;Тимофеевич;ОАЭ;1977-09-14;915
774;Бекселеева;Юлия;Борисовна;Чили;1984-06-12;650
775;Рядных;Кира;Ивановна;Сан-Томе и Принсипи;1984-08-02;334
776;Лобзанов;Вячеслав;Яковлевич;Латвия;1985-10-15;939
777;Аленурова;Лиза;Михайловна;ОАЭ;1978-07-21;796
778;Кусина;Кристина;Дмитриевна;Нигер;1994-01-11;163
779;Ганкова;Алина;Кирилловна;Кот-д’Ивуар;1979-12-18;155
780;Гуржиева;Наталия;Богдановна;Швейцария;1978-07-09;776
781;Любенина;София;Романовна;Экваториальная Гвинея;1977-11-15;459
782;Ирхин;Валентин;Игоревич;Чили;1977-05-04;986
783;Коневичева;Людмила;Никитична;Мозамбик;1978-07-29;533
784;Ахромин;Артём;Иванович;Катар;1982-08-11;286
785;Тананкова;Марина;Борисовна;Кипр;1991-11-12;188
786;Симонихин;Артур;Леонидович;Гаити;1991-06-06;42
787;Чепелькин;Анатолий;Викторович;Бахрейн;1998-05-10;365
788;Гуднов;Тарас;Олегович;Алжир;1972-02-13;893
789;Кушин;Юрий;Олегович;Федеративные Штаты Микронезии;1981-02-14;830
790;Зепова;Клара;Егоровна;Тонга;1994-09-30;886
791;Анаскин;Григорий;Аркадиевич;Босния и Герцеговина;1975-08-16;442
792;Баклинев;Олег;Сергеевич;Аргентина;1991-09-25;436
793;Ходалев;Олег;Викторович;Чили;1977-10-31;818
794;Травовская;Ирина;Леонидовна;Узбекистан;1993-10-28;656
795;Дедусова;Елена;Кирилловна;Непал;1972-10-07;87
796;Курткезов;Яков;Василиевич;Таиланд;1999-08-18;35
797;Афимьина;Вероника;Василевна;Буркина-Фасо;1997-09-08;347
798;Ромодин;Виктор;Валериевич;Малави;1982-09-06;461
799;Дациева;Ольга;Валерьевна;Великобритания;1998-08-05;890
800;Чухров;Денис;Вадимович;Руанда;1976-05-09;32
801;Вишкина;Раиса;Никитична;Гамбия;1977-01-26;493
802;Алалуев;Павел;Фёдорович;Габон;1978-06-16;262
803;Симяпова;Алла;Евгеньевна;Венгрия;1983-09-02;587
804;Слямзина;Маргарита;Леонидовна;Габон;1996-06-09;723
805;Тинков;Илья;Андреевич;Нидерланды;1984-09-26;415
806;Кабичкин;Василий;Валериевич;Пакистан;1980-09-28;723
807;Понятнов;Илья;Алексиевич;Индонезия;1978-02-08;819
808;Авхачев;Владислав;Павлович;Азербайджан;1988-08-31;82
809;Прохова;Юлия;Богдановна;Эритрея;1988-10-27;766
810;Белякин;Валентин;Олегович;Танзания;1999-07-23;696
811;Зибирева;Алла;Евгеньевна;Китай;1987-09-07;399
812;Андренчева;Евгения;Алексеевна;Перу;1997-01-19;321
813;Кудряев;Андрей;Романович;Эквадор;1973-05-18;577
814;Соковкина;Наталья;Максимовна;Коста-Рика;1993-10-21;763
815;Жириков;Игорь;Василиевич;Руанда;1997-02-27;594
816;Малковская;Любовь;Романовна;Греция;1987-04-27;726
817;Аджиев;Николай;Тимофеевич;Йемен;1988-10-31;438
818;Канурский;Виталий;Юрьевич;Кипр;1981-12-07;389
819;Кобыльская;Дарья;Евгеньевна;Науру;1992-08-18;379
820;Подзиоев;Вадим;Николаевич;Буркина-Фасо;1989-02-28;466
821;Каляйчева;Маргарита;Ивановна;Перу;1990-08-23;408
822;Суетникова;Валентина;Леонидовна;Армения;1996-12-25;567
823;Закаталова;Оксана;Романовна;Белиз;1985-04-29;815
824;Дурыгин;Евгений;Василиевич;Мадагаскар;1978-04-08;718
825;Левантин;Георгий;Михаилович;Либерия;1994-05-11;945
826;Юшковская;Виктория;Алексеевна;Португалия;1988-02-21;643
827;Веллин;Андрей;Кириллович;Бруней;1994-03-27;841
828;Хромулева;Ирина;Никитична;Хорватия;1980-04-10;790
829;Костышкин;Валентин;Тимофеевич;Гватемала;1984-03-09;753
830;Айдин;Павел;Аркадиевич;Тувалу;1983-02-14;38
831;Ахшарумова;Вероника;Борисовна;Латвия;1981-07-04;144
832;Дзарагасов;Олег;Тимофеевич;Латвия;1990-08-04;765
833;Нешамова;Клара;Федоровна;Монголия;1977-08-04;588
834;Долбакин;Валерий;Михаилович;Нидерланды;1994-05-08;753
835;Шатынов;Герасим;Василиевич;КНДР;1979-09-05;405
836;Ивинкова;Маргарита;Игоревна;Канада;1986-10-26;254
837;Гатчинский;Эдуард;Кириллович;Словакия;1994-05-20;437
838;Лихоманова;Анна;Богдановна;Парагвай;1977-12-23;721
839;Ведешина;Вера;Валерьевна;Гана;1988-04-15;573
840;Кулешев;Артур;Аркадиевич;Палау;1980-07-09;151
841;Косицына;Юлия;Алексеевна;КНДР;1987-09-12;335
842;Нежданов;Станислав;Юрьевич;Азербайджан;1992-05-17;205
843;Косираева;Раиса;Василевна;Афганистан;1977-02-22;607
844;Мурныков;Степан;Василиевич;Папуа;1991-04-07;957
845;Сивов;Семён;Алексеевич;Молдавия;1986-07-22;249
846;Чирина;Наталия;Вадимовна;Гвинея;1992-11-26;854
847;Лобызов;Ярослав;Леонидович;Ливан;1994-08-03;426
848;Шарликова;Кристина;Никитична;Словения;1993-03-25;57
849;Мальтисов;Артур;Юрьевич;Мали;1998-07-01;641
850;Ременькова;Катерина;Богдановна;Центральноафриканская Республика;1973-07-03;986
851;Жабборова;Яна;Ивановна;Сан-Томе и Принсипи;1988-09-25;457
852;Гадиров;Константин;Иванович;Гамбия;1998-05-04;613
853;Ковардаков;Валентин;Андреевич;Багамские Острова;1977-07-07;566
854;Васюткин;Артём;Яковлевич;Мальта;1984-07-26;91
855;Дорошкина;Лиза;Кирилловна;Маршалловы Острова;1992-05-30;909
856;Бизгаева;Евгения;Леонидовна;Бруней;1993-04-25;766
857;Сытинова;Инна;Игоревна;Киргизия;1993-02-17;396
858;Дубикина;Софья;Петровна;Монако;1991-11-02;69
859;Печелкина;Полина;Михайловна;Индия;1990-07-22;59
860;Косявкин;Ярослав;Романович;Сирия;1988-07-05;739
861;Ромашихин;Олег;Данилович;Гренада;1978-07-27;459
862;Павленков;Валерий;Валериевич;Камбоджа;1990-07-08;193
863;Шорманова;Елена;Кирилловна;Республика Корея;1993-08-17;976
864;Колонова;Валерия;Яковлевна;Италия;1985-09-19;610
865;Покромкин;Яков;Аркадиевич;Португалия;1984-01-21;831
866;Мамаев;Артём;Евгеньевич;Ливия;1992-06-05;866
867;Захарейкин;Ярослав;Петрович;Габон;1975-10-03;878
868;Калигин;Александр;Антонович;Фиджи;1979-05-03;494
869;Семковская;Ольга;Кирилловна;Восточный Тимор;1992-01-11;203
870;Франова;Надежда;Василевна;Великобритания;1973-08-02;275
871;Пьяньшева;Катерина;Николаевна;Словакия;1985-10-03;246
872;Енгашева;Александра;Сергеевна;Тринидад и Тобаго;1975-12-21;238
873;Пискотин;Михаил;Павлович;Джибути;1975-10-22;197
874;Вотрина;Светлана;Алексеевна;Италия;1994-11-12;61
875;Юдачева;Инна;Николаевна;Экваториальная Гвинея;1987-01-26;8
876;Делиева;Ольга;Никитична;Вьетнам;1992-11-15;225
877;Фектуллина;Карина;Яковлевна;Доминиканская Республика;1988-08-04;791
878;Добоцкая;Людмила;Сергеевна;Нигер;1973-03-01;386
879;Грабарский;Юрий;Аркадиевич;Литва;1982-09-04;113
880;Цецарцев;Вячеслав;Фёдорович;Гондурас;1978-04-13;448
881;Астапова;Алена;Андреевна;Ливия;1974-04-13;782
882;Феногенова;Любовь;Петровна;Франция;1976-11-05;146
883;Саин;Герасим;Алексеевич;Гвинея;1988-08-08;529
884;Ивагина;Анастасия;Романовна;Кения;1990-06-15;727
885;Зудакина;Раиса;Михайловна;Болгария;1980-03-24;713
886;Клипичева;Инна;Федоровна;Италия;1978-06-28;989
887;Карнюшкина;Софья;Олеговна;Буркина-Фасо;1993-12-31;851
888;Князятов;Дмитрий;Викторович;Армения;1984-04-24;580
889;Жобылева;Карина;Василевна;Вьетнам;1976-08-31;186
890;Бушменкова;Ольга;Валерьевна;Туркмения;1985-01-26;538
891;Гузенин;Игорь;Фёдорович;Мексика;1986-03-27;55
892;Привальнев;Вадим;Евгеньевич;Джибути;1996-06-04;3
893;Ганкина;Алена;Кирилловна;Сейшельские Острова;1994-12-21;500
894;Клопышкин;Олег;Виталиевич;Сан-Томе и Принсипи;1982-03-28;912
895;Скалацкая;Полина;Андреевна;Белиз;1997-10-16;664
896;Мерканова;Кира;Игоревна;Финляндия;1973-05-09;379
897;Бизаева;Ева;Максимовна;Багамские Острова;1997-01-22;270
898;Лекарев;Виталий;Евгеньевич;Южный Судан;1999-05-29;835
899;Цымкалова;Мария;Романовна;Белиз;1990-12-24;700
900;Комягина;Кристина;Михайловна;Германия;1978-04-28;467
901;Сиксясов;Максим;Сергеевич;Монако;1995-03-03;811
902;Налогин;Вадим;Петрович;Марокко;1995-10-30;985
903;Хусаиншина;Александра;Эдуардовна;Новая Зеландия;1989-10-08;262
904;Коромыслов;Борис;Николаевич;Эквадор;1975-11-09;375
905;Ладырева;Ольга;Богдановна;Польша;1977-12-26;81
906;Журонов;Григорий;Антонович;Боливия;1972-09-15;881
907;Пупынина;Тамара;Яковлевна;Соломоновы Острова;1983-08-06;580
908;Кишкарева;Валентина;Олеговна;Таиланд;1998-01-16;587
909;Юнкин;Григорий;Георгиевич;Марокко;1979-03-14;402
910;Куварина;Ева;Богдановна;Науру;1989-09-18;842
911;Кулибянова;Валерия;Максимовна;Мальдивы;1972-11-15;363
912;Максутов;Николай;Тимофеевич;Иран;1974-02-06;355
913;Ишакова;Наталия;Алексеевна;Чехия;1987-08-28;273
914;Коцелябнов;Федор;Леонидович;Мексика;1973-12-13;5
915;Очелкова;Клара;Валерьевна;Малайзия;1981-03-16;386
916;Канарулин;Степан;Викторович;Украина;1977-04-24;540
917;Прибылов;Владимир;Иванович;Панама;1986-12-08;447
918;Маслацова;Валерия;Кирилловна;Ливан;1981-08-22;451
919;Рожинский;Михаил;Денисович;Аргентина;1999-02-19;302
920;Подтесова;София;Борисовна;Пакистан;1997-12-23;139
921;Горянкова;Ольга;Олеговна;Катар;1987-06-04;562
922;Масаликин;Кирилл;Михаилович;Либерия;1985-01-08;536
923;Берсанова;Алёна;Николаевна;Таджикистан;1982-03-28;697
924;Курилина;Дарья;Алексеевна;Нигерия;1997-04-29;193
925;Каптюшин;Валентин;Вадимович;Камерун;1984-06-15;34
926;Перимов;Виктор;Василиевич;Судан;1995-07-22;89
927;Плющиков;Борис;Данилович;Китай;1997-10-10;63
928;Болдинский;Федор;Яковлевич;Кабо-Верде;1999-11-26;633
929;Ащанов;Роман;Данилович;Болгария;1991-12-14;370
930;Бидердинов;Станислав;Сергеевич;Кипр;1977-04-27;433
931;Этчина;Инна;Алексеевна;Сент-Китс и Невис;1990-01-06;438
932;Частоедов;Дмитрий;Леонидович;Гана;1976-02-09;55
933;Атамахина;Наталья;Борисовна;Монголия;1991-10-14;229
934;Атдотова;Алиса;Никитична;Норвегия;1993-11-17;526
935;Гришанова;София;Игоревна;Марокко;1995-12-30;573
936;Марандова;Карина;Егоровна;Буркина-Фасо;1986-03-01;953
937;Рукоданов;Михаил;Петрович;Сент-Винсент и Гренадины;1973-09-10;376
938;Рычев;Александр;Антонович;Словакия;1972-01-18;822
939;Мурикова;Анна;Михайловна;Кабо-Верде;1984-10-29;832
940;Бытеева;Вероника;Ивановна;Египет;1988-11-13;885
941;Оводова;Анна;Максимовна;Италия;1988-08-11;811
942;Ентаев;Илья;Петрович;Ирландия;1990-12-28;758
943;Цыплукова;Ирина;Алексеевна;Тунис;1985-12-13;108
944;Филаев;Григорий;Георгиевич;Эфиопия;1992-10-11;626
945;Веденкин;Денис;Евгеньевич;Таиланд;1985-10-18;693
946;Матырский;Юрий;Валериевич;Руанда;1996-04-12;776
947;Юрченев;Пётр;Юрьевич;США;1982-03-28;386
948;Банчиков;Дмитрий;Михаилович;Австралия;1992-01-07;678
949;Пунов;Александр;Борисович;Филиппины;1997-09-24;931
950;Белехов;Пётр;Георгиевич;Бенин;1998-05-19;805
951;Дупляков;Михаил;Яковлевич;Бангладеш;1998-04-29;318
952;Бесцетнов;Дмитрий;Тимофеевич;Таджикистан;1996-01-17;472
953;Вьюшков;Федор;Романович;Кирибати;1982-02-20;134
954;Кондрюков;Геннадий;Антонович;Кабо-Верде;1992-08-23;493
955;Шнакова;Карина;Николаевна;Тувалу;1984-07-24;83
956;Баженина;Катерина;Игоревна;Малави;1977-05-13;137
957;Бакашова;Алёна;Романовна;Албания;1972-03-28;173
958;Камчадалов;Артур;Антонович;Кот-д’Ивуар;1994-06-23;908
959;Чекалов;Константин;Михаилович;Доминика;1991-03-05;160
960;Каукин;Валентин;Аркадиевич;Гватемала;1975-10-15;664
961;Чоботова;Светлана;Сергеевна;Антигуа и Барбуда;1976-04-19;193
962;Минюков;Антон;Андреевич;Саудовская Аравия;1994-04-19;505
963;Эйбатов;Павел;Кириллович;Россия;1987-09-12;960
964;Кандрашова;Надежда;Богдановна;Непал;1989-10-12;182
965;Батылин;Владислав;Василиевич;Сербия;1982-07-23;496
966;Трещинкина;Алина;Яковлевна;Болгария;1972-11-08;935
967;Панамарева;Тамара;Аркадьевна;Панама;1996-12-06;413
968;Завалшина;Тамара;Олеговна;Албания;1997-08-26;625
969;Сидеков;Георгий;Михаилович;Индия;1982-01-17;560
970;Елхов;Яков;Максимович;Таиланд;1982-04-24;732
971;Тряпичкина;Светлана;Петровна;Азербайджан;1977-01-27;812
972;Бигулаев;Денис;Виталиевич;Доминиканская Республика;1991-01-02;283
973;Арифметова;Тамара;Максимовна;Сент-Китс и Невис;1984-07-22;324
974;Мелова;Маргарита;Викторовна;Венгрия;1975-05-17;883
975;Норинова;Кира;Викторовна;Португалия;1979-07-18;372
976;Игумнов;Игорь;Алексиевич;Нигер;1981-12-15;367
977;Храмушева;Зинаида;Николаевна;Иордания;1974-01-08;883
978;Раздобаров;Владимир;Евгеньевич;Малави;1986-04-07;806
979;Посевкин;Михаил;Юрьевич;Китай;1983-09-08;11
980;Габитов;Анатолий;Валериевич;Малави;1984-04-25;609
981;Засохлина;Анастасия;Игоревна;Португалия;1975-03-16;912
982;Чинарихина;Виктория;Петровна;Венгрия;1980-02-02;459
983;Базельцева;Клара;Вадимовна;Доминика;1978-04-05;375
984;Тишенинов;Альберт;Адамович;США;1984-01-15;108
985;Копинков;Аркадий;Алексеевич;Мозамбик;1973-02-19;890
986;Пардонов;Руслан;Василиевич;Гондурас;1987-11-28;160
987;Микуцкая;Евгения;Михайловна;Сан-Марино;1987-11-18;737
988;Бекин;Денис;Игоревич;Иран;1981-12-02;657
989;Катешова;Раиса;Романовна;Бразилия;1984-12-03;156
990;Лепшеева;Лариса;Николаевна;Гватемала;1997-01-11;222
991;Залкиев;Григорий;Максимович;Гайана;1977-04-18;439
992;Катчиев;Кирилл;Юриевич;Сенегал;1987-01-20;739
993;Лошкомоева;Тамара;Максимовна;Федеративные Штаты Микронезии;1997-02-09;118
994;Сахин;Константин;Павлович;Габон;1975-11-05;347
995;Куньева;Надежда;Валерьевна;Танзания;1991-06-09;838
996;Карликова;Кристина;Никитична;Камерун;1991-07-21;688
997;Беренгилов;Герасим;Викторович;Мексика;1982-02-08;526
998;Писков;Василий;Игоревич;Алжир;1991-02-02;142
999;Маруненков;Борис;Петрович;Маврикий;1993-07-23;680
1000;Пулушкина;Алина;Дмитриевна;Демократическая Республика Конго;1982-05-07;953
